洗淋浴；冲澡	ducharse	🚿 洗淋浴；冲澡｜例句：Voy a ducharme. 我要去洗澡｜词源：ducha ← 法语 douche ← 拉丁 ducere（引导水流）｜记忆：ducha=淋浴→ducharse=洗淋浴
快乐的；开朗的	alegre	😊 快乐的；开朗的｜例句：una persona alegre 一个开朗的人｜词源：拉丁 alacer（活泼敏捷）｜记忆：快乐有活力
地板；楼层；公寓	piso	👣 地板；楼层；公寓｜例句：un piso de Madrid 马德里的一套公寓｜词源：来自 pisar（踩踏）｜记忆：脚踩的地方
日期	fecha	📅 日期｜例句：fecha de nacimiento 出生日期｜词源：拉丁 facta（已完成的事）｜记忆：日历上的日期
外国的；外国人	extranjero	🌍 外国的；外国人｜例句：un país extranjero 外国｜词源：拉丁 extraneus（外来的）｜记忆：外面的世界
单身的；未婚者	soltero	🧍 单身的；未婚者｜例句：estar soltero 单身｜词源：拉丁 solutus（松开的、自由的）｜记忆：自由状态
眼镜	gafas	👓 眼镜｜例句：llevar gafas 戴眼镜｜词源：阿拉伯语/方言，有争议｜记忆：两片镜片
伴侣；一对；情侣	pareja	👥 伴侣；一对；情侣｜例句：mi pareja 我的伴侣｜词源：拉丁 pariculus（相等一对）｜记忆：成对出现
下午点心；下午茶	merienda	☕ 下午点心；下午茶｜例句：tomar la merienda 吃下午点心｜词源：拉丁 merenda（下午餐）｜记忆：下午补充能量
三明治；小吃	bocadillo	🥪 三明治；小吃｜例句：bocadillo de jamón 火腿三明治｜词源：来自 boca（嘴）｜记忆：一口能吃的东西
时间表；工作时间；课程表	horario	⏰ 时间表；工作时间；课程表｜例句：horario de trabajo 工作时间｜词源：拉丁 hora（小时）｜记忆：时间安排
符号	arroba	📧 @符号｜例句：arroba de correo 邮箱里的@｜词源：阿拉伯 ar-rubʿ（四分之一）｜记忆：邮箱小圈符号
电梯	ascensor	⬆️ 电梯｜例句：subir en ascensor 坐电梯上楼｜词源：拉丁 ascendere（上升）｜记忆：向上升
车库	garaje	🚗 车库｜例句：aparcar en el garaje 停在车库｜词源：法语 garage｜记忆：停车的房间
衣柜；柜子	armario	👔 衣柜；柜子｜例句：armario de ropa 衣柜｜词源：拉丁 armarium（储藏柜）｜记忆：放东西的大柜子
书架；架子	estantería	📚 书架；架子｜例句：una estantería llena de libros 摆满书的书架｜词源：来自 estante（架子）｜记忆：放书的架子
淋浴；淋浴器	ducha	🚿 淋浴；淋浴器｜例句：tomar una ducha 洗澡｜词源：法语 douche｜记忆：水流冲洗
喉咙；咽喉	garganta	🗣️ 喉咙；咽喉｜例句：dolor de garganta 喉咙痛｜词源：拉丁 gurges（喉）｜记忆：说话吞咽的位置
耳朵；听觉	oído	👂 耳朵；听觉｜例句：tener buen oído 听力好｜词源：来自 oír（拉丁 audire）｜记忆：用来听的器官
刮胡子；剃毛	afeitarse	🪒 刮胡子；剃毛｜例句：afeitarse la barba 刮胡子｜词源：来自 afeite（修饰）｜记忆：刀片修整毛发
梳头	peinarse	💇 梳头｜例句：peinarse el pelo 梳头｜词源：来自 peine（梳子）｜记忆：梳子整理头发
雨伞	paraguas	☔ 雨伞｜例句：llevar un paraguas 带伞｜词源：para+aguas（挡水）｜记忆：防水
伙伴；合伙人；会员	socio	🤝 伙伴；合伙人；会员｜例句：socio de una empresa 公司合伙人｜词源：拉丁 socius（伙伴）｜记忆：一起做事的人
冲泡饮品；浸泡液	infusión	🍵 冲泡饮品；浸泡液｜例句：una infusión de manzanilla 洋甘菊茶｜词源：拉丁 infundere（浸泡）｜记忆：热水浸泡
大蒜	ajo	🧄 大蒜｜例句：pan con ajo 蒜味面包｜词源：拉丁 allium｜记忆：蒜头
洋葱	cebolla	🧅 洋葱｜例句：sopa de cebolla 洋葱汤｜词源：拉丁 cepulla｜记忆：一层一层剥开
欧芹；香菜类调味草	perejil	🌿 欧芹；香菜类调味草｜例句：perejil fresco 新鲜欧芹｜词源：拉丁 petroselinum｜记忆：绿色香草
鳕鱼；无须鳕	merluza	🐟 鳕鱼；无须鳕｜例句：merluza al horno 烤鳕鱼｜词源：拉丁相关鱼类名｜记忆：白肉海鱼
沙丁鱼	sardina	🐟 沙丁鱼｜例句：sardinas en lata 罐头沙丁鱼｜词源：与撒丁岛 Sardinia 有关｜记忆：小鱼罐头
虾	gambas	🦐 虾｜例句：gambas al ajillo 蒜香虾｜词源：拉丁 camba（腿）｜记忆：西班牙海鲜
饼干	galletas	🍪 饼干｜例句：galletas de chocolate 巧克力饼干｜词源：法语 galette（薄饼）｜记忆：小点心
谷物；麦片	cereales	🌾 谷物；麦片｜例句：cereales con leche 牛奶麦片｜词源：拉丁 Ceres（谷物女神）｜记忆：谷物
食谱；处方	receta	📖 食谱；处方｜例句：receta de cocina 菜谱｜词源：拉丁 recipere（接收）｜记忆：做菜或治病的方法
肉片；牛排；鱼片	filete	🥩 肉片；牛排；鱼片｜例句：filete de ternera 小牛排｜词源：法语 filet｜记忆：切好的肉片
开胃小吃；餐前酒	aperitivo	🍷 开胃小吃；餐前酒｜例句：tomar un aperitivo 吃点开胃小食｜词源：拉丁 aperire（打开胃口）｜记忆：开饭前的小东西
餐巾纸；餐巾	servilleta	🍽️ 餐巾纸；餐巾｜例句：una servilleta de papel 纸巾｜词源：来自 siervo（仆人）｜记忆：餐桌擦拭用品
学校	colegio	🏫 学校｜例句：ir al colegio 上学｜词源：拉丁 collegium（团体）｜记忆：学习场所
学校注册；学籍登记	matrícula escolar	📝 学校注册；学籍登记｜例句：hacer la matrícula 办理入学注册｜词源：拉丁 matricula（名册）｜记忆：登记入学
叶子；纸张；页	hoja	🍃 叶子；纸张；页｜例句：una hoja de papel 一张纸｜词源：拉丁 folia（叶子）｜记忆：叶子像纸张
领带	corbata	👔 领带｜例句：llevar corbata 打领带｜词源：法语 cravate（克罗地亚人）｜记忆：西装配件
退休的；退休人员	jubilado	🎉 退休的；退休人员｜例句：un hombre jubilado 退休男性｜词源：拉丁 iubilare（欢呼）｜记忆：退休后的生活
健身房；体育馆	gimnasio	💪 健身房；体育馆｜例句：ir al gimnasio 去健身房｜词源：希腊 gymnasion（锻炼场所）｜记忆：锻炼身体
国际象棋	ajedrez	♟️ 国际象棋｜例句：jugar al ajedrez 下国际象棋｜词源：阿拉伯 aš-šaṭranǧ｜记忆：棋盘游戏
命令；派遣；发送	mandar	📩 命令；派遣；发送｜例句：mandar un mensaje 发消息｜词源：拉丁 mandare（委托）｜记忆：发出指令
住宿；住所	alojamiento	🏨 住宿；住所｜例句：buscar alojamiento 找住宿｜词源：来自 alojar（安置）｜记忆：旅行住处
独栋别墅	chalé	🏡 独栋别墅｜例句：un chalé con jardín 带花园的别墅｜词源：法语 chalet｜记忆：郊区别墅
地面；地板；土壤	suelo	👣 地面；地板；土壤｜例句：el suelo de la casa 房子的地板｜词源：拉丁 solum（地面）｜记忆：脚踩的地方
带家具的	amueblado	🪑 带家具的｜例句：piso amueblado 带家具公寓｜词源：来自 mueble（家具）｜记忆：有家具
冰箱	nevera	❄️ 冰箱｜例句：abrir la nevera 打开冰箱｜词源：来自 nieve（雪）｜记忆：保持冷
洗衣机	lavadora	👕 洗衣机｜例句：poner la lavadora 开洗衣机｜词源：lavar+ -dora｜记忆：洗衣工具
洗碗机；洗碗池	lavaplatos	🍽️ 洗碗机；洗碗池｜例句：meter los platos en el lavaplatos｜词源：lavar+platos｜记忆：洗盘子的机器
微波炉	microondas	📡 微波炉｜例句：calentar en el microondas 用微波炉加热｜词源：micro+ondas（微波）｜记忆：微小电磁波
硬币；货币	moneda	🪙 硬币；货币｜例句：cambiar moneda 换钱｜词源：拉丁 moneta（铸币厂）｜记忆：钱币
收银员；提款机	cajero	💳 收银员；提款机｜例句：sacar dinero del cajero 从ATM取钱｜词源：caja+ -ero｜记忆：处理现金
警察局	comisaría	👮 警察局｜例句：ir a la comisaría 去警察局｜词源：来自 comisario（警官）｜记忆：警察办事地点
文具店；纸品店	papelería	✏️ 文具店；纸品店｜例句：comprar en la papelería 在文具店买东西｜词源：papel+ -ería｜记忆：纸和文具
理发店	peluquería	💇 理发店｜例句：ir a la peluquería 去理发店｜词源：pelo+ -ería｜记忆：剪头发的地方
水果店	frutería	🍎 水果店｜词源：fruta+ -ería｜记忆：买水果
肉店	carnicería	🥩 肉店｜词源：carne+ -ería｜记忆：肉铺
面包店	panadería	🍞 面包店｜词源：pan+ -ería｜记忆：面包店
支撑固定	sujetador	支撑固定｜胸罩｜词源：sujetar（固定）｜记忆：支撑固定
女内裤	bragas	👙 女内裤｜词源：拉丁 bracae（裤子）｜记忆：内衣
男士内裤	calzoncillos	男士内裤｜词源：calzón（短裤）｜记忆：男士内裤
袜子	calcetines	🧦 袜子｜词源：calza（袜类）｜记忆：脚部衣物
泳衣；泳裤	bañador	🏊 泳衣；泳裤｜词源：bañar+ -dor｜记忆：游泳装备
试衣间；测试者	probador	👕 试衣间；测试者｜词源：probar（试）｜记忆：试衣服
小费	propina	💰 小费｜例句：dejar propina 留小费｜词源：希腊 propínein（赠送）｜记忆：额外奖励
增值税	IVA	🧾 增值税｜词源：Impuesto sobre el Valor Añadido 缩写｜记忆：消费税
咳嗽	tos	😷 咳嗽｜例句：tener tos 咳嗽｜词源：拉丁拟声词｜记忆：咳嗽声
刷子；牙刷	cepillo	🪥 刷子；牙刷｜例句：cepillo de dientes 牙刷｜词源：cepa（柄）相关｜记忆：刷东西
除臭剂	desodorante	🌿 除臭剂｜词源：des-（去除）+olor（气味）｜记忆：去掉臭味
骑自行车的人	ciclista	🚴 骑自行车的人｜词源：ciclo（车轮）+ -ista｜记忆：骑车的人
空姐；女乘务员	azafata	✈️ 空姐；女乘务员｜词源：阿拉伯 as-safṭa（托盘）｜记忆：飞机服务人员
计算机的；IT人员	informático	💻 计算机的；IT人员｜例句：ingeniero informático 计算机工程师｜词源：informática（信息技术）｜记忆：信息技术
便携的；笔记本电脑	portátil	🎒 便携的；笔记本电脑｜例句：ordenador portátil 笔记本电脑｜词源：拉丁 portare（携带）｜记忆：可以带走
脖子；衣领；颈部	cuello	🧣 脖子；衣领；颈部｜例句：dolor de cuello 脖子疼｜词源：拉丁 collum（颈部）｜记忆：脖子和衣领
胸部；胸口	pecho	❤️ 胸部；胸口｜例句：dolor en el pecho 胸痛｜词源：拉丁 pectus（胸膛）｜记忆：心脏所在的位置
脚踝	tobillo	🦶 脚踝｜例句：torcerse el tobillo 扭伤脚踝｜词源：拉丁 tubellus（小管状物）｜记忆：脚和腿连接处
目光；眼神；注视	mirada	👀 目光；眼神；注视｜例句：una mirada triste 悲伤的眼神｜词源：来自 mirar（看）｜记忆：眼睛传递的信息
内向的	introvertido	🌱 内向的｜例句：una persona introvertida 内向的人｜词源：intro+vertere（转向）｜记忆：能量向内
懒惰的；模糊的；游手好闲的人	vago	😴 懒惰的；模糊的；游手好闲的人｜例句：un estudiante vago 懒学生｜词源：拉丁 vagus（漫游的）｜记忆：不想行动
淘气的；调皮的	travieso	😈 淘气的；调皮的｜例句：un niño travieso 淘气的小孩｜词源：与 través（穿过）有关｜记忆：调皮捣蛋
傲慢的；自大的	arrogante	👑 傲慢的；自大的｜例句：un hombre arrogante 傲慢的人｜词源：拉丁 arrogare（擅自占有）｜记忆：过度自信
表现；举止	portarse	👤 表现；举止｜例句：portarse bien 表现好｜词源：来自 portar（承担）｜记忆：表现出来的行为
对待；处理；尝试	tratar	🤝 对待；处理；尝试｜例句：tratar bien a alguien 善待某人｜词源：拉丁 tractare（处理）｜记忆：怎么对待处理
男性；男子	varón	👨 男性；男子｜例句：sexo varón 男性｜词源：拉丁 varo（强壮男子）｜记忆：男性
雌性；女性	hembra	♀️ 雌性；女性｜例句：una hembra de león 一头母狮｜词源：拉丁 femina（女性）｜记忆：雌性
官僚制度；繁琐手续	burocracia	📄 官僚制度；繁琐手续｜例句：demasiada burocracia 太多繁琐手续｜词源：bureau+ kratos（权力）｜记忆：文件流程
耳环；待处理事项	pendientes	✨ 耳环；待处理事项｜例句：unos pendientes de oro 金耳环｜词源：来自 pender（悬挂）｜记忆：挂在耳朵上的东西
手链；手镯	pulsera	⌚ 手链；手镯｜例句：una pulsera de plata 银手链｜词源：来自 pulso（手腕）｜记忆：手腕上的饰品
拥抱彼此	abrazarse	🤗 拥抱彼此｜例句：se abrazaron al verse 见面时拥抱｜词源：来自 brazo（手臂）｜记忆：用手臂抱住
接吻	besarse	💋 接吻｜例句：besarse en la mejilla 亲吻脸颊｜词源：拉丁 basium（吻）｜记忆：亲吻
搭讪；泡妞；建立联系	ligar	💘 搭讪；泡妞；建立联系｜例句：ligar con alguien 和某人搭讪｜词源：拉丁 ligare（绑连接）｜记忆：建立连接
卡路里；热量	calorías	🔥 卡路里；热量｜例句：contar calorías 计算卡路里｜词源：拉丁 calor（热）｜记忆：热量单位
醉的；醉汉	borracho	🍷 醉的；醉汉｜例句：estar borracho 喝醉了｜词源：来自葡萄酒皮袋 bota 相关｜记忆：酒精影响状态
宿醉；余波	resaca	🌊 宿醉；余波｜例句：tener resaca 宿醉｜词源：海浪退去后的回流｜记忆：退潮后的余波
海鲜	marisco	🌊 海鲜｜例句：marisco fresco 新鲜海鲜｜词源：拉丁 mare（海）｜记忆：海里的食物
腌制肉肠；香肠类	embutido	🌭 腌制肉肠；香肠类｜例句：embutido español 西班牙腌肉制品｜词源：来自 embutir（填入）｜记忆：肉塞进肠衣
茄子	berenjena	🍆 茄子｜词源：阿拉伯 bāḏinǧāna｜记忆：紫色蔬菜
西葫芦	calabacín	🥒 西葫芦｜词源：来自 calabaza（南瓜）｜记忆：小南瓜
菠菜	espinacas	🥬 菠菜｜词源：阿拉伯 isfānāḫ｜记忆：绿叶菜
豌豆	guisantes	🟢 豌豆｜词源：拉丁相关植物名｜记忆：小绿豆
扁豆	lentejas	🫘 扁豆｜词源：拉丁 lens lentis｜记忆：豆类
豆子；菜豆	judías	🫘 豆子；菜豆｜例句：judías verdes 四季豆｜词源：与 judío 同形来源｜记忆：豆子
鹰嘴豆	garbanzos	🫘 鹰嘴豆｜词源：古西班牙语｜记忆：鹰嘴豆
蛋糕；海绵蛋糕	bizcocho	🍰 蛋糕；海绵蛋糕｜词源：拉丁 bis coctus（烤两次）｜记忆：松软蛋糕
玛德琳蛋糕；小蛋糕	magdalena	🧁 玛德琳蛋糕；小蛋糕｜词源：法语 madeleine｜记忆：早餐甜点
肋骨；排骨	costilla	🥩 肋骨；排骨｜例句：costillas de cerdo 猪排骨｜词源：来自 costado（侧面）｜记忆：排骨
肉排；猪排	chuleta	🥩 肉排；猪排｜词源：法语 chuleta｜记忆：带骨肉排
胸肉	pechuga	🍗 胸肉｜词源：来自 pecho（胸部）｜记忆：鸡胸肉
里脊肉	solomillo	🥩 里脊肉｜词源：solo+lomo（背部肉）｜记忆：嫩肉部位
外壳；果皮	cáscara	🥚 外壳；果皮｜例句：cáscara de huevo 蛋壳｜词源：拉丁相关词｜记忆：外面的壳
苦的	amargo	☕ 苦的｜例句：café amargo 苦咖啡｜词源：拉丁 amarus｜记忆：苦味
淡的；没味道的	soso	😐 淡的；没味道的｜例句：La sopa está sosa. 汤很淡｜词源：拉丁 salsus 演变｜记忆：没味道
煮；烹煮	cocer	🍲 煮；烹煮｜例句：cocer arroz 煮饭｜词源：拉丁 coquere（煮）｜记忆：水煮
烤；烧烤	asar	🔥 烤；烧烤｜例句：asar carne 烤肉｜词源：拉丁 assare｜记忆：烤制
油炸	freír	🍟 油炸｜例句：freír patatas 炸土豆｜词源：拉丁 frigere｜记忆：油炸
调味	condimentar	🧂 调味｜例句：condimentar la carne 给肉调味｜词源：拉丁 condimentum（调味品）｜记忆：加调料
调味；拌沙拉	aliñar	🥗 调味；拌沙拉｜例句：aliñar una ensalada 拌沙拉｜词源：拉丁 lineare 演变｜记忆：拌沙拉
烧伤；烧焦	quemarse	🔥 烧伤；烧焦｜例句：quemarse la mano 烫伤手｜词源：拉丁 cremare｜记忆：变热受伤
托儿所；幼儿园	guardería	👶 托儿所；幼儿园｜词源：guardar+ -ería｜记忆：看护孩子
奖学金	beca	🎓 奖学金｜例句：tener una beca 获得奖学金｜词源：拉丁 beccus 相关｜记忆：学费支持
赛跑；职业；大学专业	carrera	🏃 赛跑；职业；大学专业｜例句：estudiar una carrera 读大学专业｜词源：来自 carro（车）｜记忆：人生道路
纸张；页；文件页	folio	📄 纸张；页；文件页｜例句：un folio de papel 一张纸｜词源：拉丁 folium（叶子）｜记忆：像叶子一样的一页纸
工资；薪水	sueldo	💰 工资；薪水｜例句：cobrar el sueldo 领取工资｜词源：拉丁 solidus（古罗马金币）｜记忆：工作换来的钱
罢工；停止工作	huelga	✊ 罢工；停止工作｜例句：estar en huelga 罢工｜词源：来自 holgar（休息）｜记忆：停工抗议
家庭修理	bricolaje	🔨 DIY；家庭修理｜例句：hacer bricolaje 做DIY｜词源：法语 bricolage｜记忆：自己动手
座位；坐席	asiento	🪑 座位；坐席｜例句：tomar asiento 请坐｜词源：来自 sentar（拉丁 sedere）｜记忆：坐下的位置
队伍；排；行	fila	🚶 队伍；排；行｜例句：hacer fila 排队｜词源：日耳曼语 fila（线队列）｜记忆：一排人
裁判	árbitro	⚽ 裁判｜例句：el árbitro del partido 比赛裁判｜词源：拉丁 arbiter（仲裁者）｜记忆：判定比赛
失败者；输家	perdedor	❌ 失败者；输家｜例句：el equipo perdedor 输掉的队伍｜词源：perder+ -dor｜记忆：输掉的人
骰子	dado	🎲 骰子｜例句：tirar los dados 掷骰子｜词源：拉丁 datum（投出的东西）｜记忆：游戏骰子
棋子；卡片；资料表	ficha	🃏 棋子；卡片；资料表｜例句：ficha de estudiante 学生档案卡｜词源：法语 fiche｜记忆：小卡片或棋子
播音员；主持人	locutor	🎙️ 播音员；主持人｜例句：locutor de radio 电台播音员｜词源：拉丁 loqui（说话）｜记忆：负责说话的人
章节；一集	capítulo	📖 章节；一集｜例句：el primer capítulo 第一章｜词源：拉丁 capitulum（分段）｜记忆：一部分内容
密码；暗号	contraseña	🔑 密码；暗号｜例句：introducir la contraseña 输入密码｜词源：contra+seña（标记）｜记忆：进入系统的钥匙
搬家；搬迁	mudanza	📦 搬家；搬迁｜例句：hacer una mudanza 搬家｜词源：来自 mudar（改变）｜记忆：改变住所
擦洗；洗碗	fregar	🧽 擦洗；洗碗｜例句：fregar los platos 洗盘子｜词源：拉丁 fricare（摩擦）｜记忆：摩擦清洁
扫；清扫	barrer	🧹 扫；清扫｜例句：barrer el suelo 扫地｜词源：拉丁 verrere（扫）｜记忆：扫地
窗帘；幕布	cortina	🪟 窗帘；幕布｜例句：cerrar la cortina 拉窗帘｜词源：拉丁 cortina｜记忆：窗边布
镜子	espejo	🪞 镜子｜例句：mirarse en el espejo 照镜子｜词源：拉丁 speculum｜记忆：看见自己
冷冻柜；冰箱冷冻层	congelador	❄️ 冷冻柜；冰箱冷冻层｜词源：congelar+ -dor｜记忆：冻起来
坏掉的；损坏的	estropeado	⚠️ 坏掉的；损坏的｜例句：un móvil estropeado 坏掉的手机｜词源：来自 estropear｜记忆：出故障
邮箱；信箱	buzón	📮 邮箱；信箱｜例句：buzón de correo 邮箱｜词源：与 buza（开口）相关｜记忆：投信的箱子
小偷；盗贼	ladrón	🥷 小偷；盗贼｜例句：un ladrón de bancos 银行劫匪｜词源：拉丁 latro（强盗）｜记忆：偷东西的人
红绿灯；信号灯	semáforo	🚦 红绿灯；信号灯｜例句：cruzar cuando está verde 绿灯过马路｜词源：希腊 sema+phoros｜记忆：交通信号
羊毛	lana	🐑 羊毛｜例句：un jersey de lana 羊毛毛衣｜词源：拉丁 lana｜记忆：羊身上的毛
棉花	algodón	☁️ 棉花｜例句：camisa de algodón 棉衬衫｜词源：阿拉伯 al-quṭn｜记忆：柔软纤维
格子；画；方格	cuadros	🖼️ 格子；画；方格｜例句：camisa de cuadros 格子衬衫｜词源：来自 cuadro（方形画）｜记忆：方形图案
小车；购物车；推车	carrito	🛒 小车；购物车；推车｜例句：carrito de la compra 购物车｜词源：carro+ -ito｜记忆：小车
篮子；筐	cesta	🧺 篮子；筐｜例句：cesta de mimbre 柳条篮｜词源：拉丁 cista（箱子篮子）｜记忆：装东西的篮子
变瘦；减肥	adelgazar	⚖️ 变瘦；减肥｜例句：quiero adelgazar 我想减肥｜词源：来自 delgado（瘦的）｜记忆：变瘦
创可贴	tirita	🩹 创可贴｜例句：ponerse una tirita 贴创可贴｜词源：西班牙品牌名｜记忆：小伤口保护
行李	equipaje	🧳 行李｜例句：facturar el equipaje 托运行李｜词源：法语 équipage｜记忆：出行带的东西
疫苗	vacuna	💉 疫苗｜例句：ponerse una vacuna 打疫苗｜词源：拉丁 vacca（牛）｜记忆：预防疾病
遮阳伞	sombrilla	☀️ 遮阳伞｜词源：sombra+ -illa｜记忆：制造阴影
潜水员	buceador	🤿 潜水员｜例句：un buceador profesional 专业潜水员｜词源：来自 bucear｜记忆：水下探索
岸边；边缘	orilla	🌊 岸边；边缘｜例句：a la orilla del mar 在海边｜词源：拉丁 ora（边缘）｜记忆：水的边
攀登者	escalador	🧗 攀登者｜词源：escalar+ -dor｜记忆：向上攀爬
门卫；管理员	conserje	🏢 门卫；管理员｜例句：el conserje del hotel 酒店管理员｜词源：法语 concierge｜记忆：管理楼房的人
睡袋	saco de dormir	🏕️ 睡袋｜词源：saco+ dormir｜记忆：睡觉的大袋子
毯子	manta	🛌 毯子｜例句：una manta de lana 羊毛毯｜词源：拉丁 mantum（覆盖物）｜记忆：盖在身上的东西
车道；轨道；泳道	carril	🚗 车道；轨道；泳道｜例句：carril de bicicletas 自行车道｜词源：来自 carro（车）｜记忆：行驶路线
堵塞；交通堵车	atasco	🚗🚗 堵塞；交通堵车｜例句：hay un atasco 堵车了｜词源：来自 atascar｜记忆：动不了
站台	andén	🚉 站台｜例句：esperar en el andén 在站台等｜词源：阿拉伯语相关｜记忆：等车的平台
起飞；分离	despegar	✈️ 起飞；分离｜例句：el avión despega 飞机起飞｜词源：des-+pegar（粘）｜记忆：从地面脱离
降落；着陆	aterrizar	✈️ 降落；着陆｜词源：a-+tierra（土地）｜记忆：回到地面
抵押贷款；房贷	hipoteca	🏠 抵押贷款；房贷｜例句：pagar la hipoteca 还房贷｜词源：希腊 hypothéke（抵押物）｜记忆：房子贷款
海报；告示；招牌	cartel	📌 海报；告示；招牌｜例句：un cartel de cine 电影海报｜词源：意大利 cartello｜记忆：墙上的宣传
小册子；宣传单	folleto	📄 小册子；宣传单｜例句：un folleto turístico 旅游宣传册｜词源：来自 folio（纸页）｜记忆：小型宣传资料
脸颊	mejilla	😊 脸颊｜例句：un beso en la mejilla 脸颊上的吻｜词源：拉丁 maxilla（下颌）｜记忆：脸蛋
下巴	barbilla	👇 下巴｜例句：tener barba en la barbilla 下巴上有胡子｜词源：来自 barba（胡须）｜记忆：嘴下面的位置
眉毛	ceja	👀 眉毛｜例句：levantar las cejas 挑眉｜词源：拉丁 cilium（睫毛眉毛）｜记忆：眼睛上方
睫毛	pestaña	👁️ 睫毛｜例句：pestañas largas 长睫毛｜词源：拉丁 pestanea｜记忆：眼睛的小保护
白发；银发	cana	⚪ 白发；银发｜例句：tener canas 有白头发｜词源：拉丁 canus（白色）｜记忆：变白的头发
失明的；盲人	ciego	🚫👀 失明的；盲人｜例句：una persona ciega 盲人｜词源：拉丁 caecus（瞎的）｜记忆：看不见
聋的；聋人	sordo	🚫👂 聋的；聋人｜例句：un hombre sordo 聋人｜词源：拉丁 surdus（聋的）｜记忆：听不见
哑的；不会说话的	mudo	🤐 哑的；不会说话的｜例句：quedarse mudo 说不出话｜词源：拉丁 mutus（无声的）｜记忆：没有声音
眼泪	lágrima	😢 眼泪｜例句：una lágrima de alegría 喜悦的眼泪｜词源：拉丁 lacrima｜记忆：眼中的水
躺下；倒下	tumbarse	🛏️ 躺下；倒下｜例句：tumbarse en la cama 躺在床上｜词源：来自 tumba（倒下的位置）｜记忆：身体倒下
跳下；扔自己；躺下	tirarse	🏊 跳下；扔自己；躺下｜例句：tirarse al agua 跳入水中｜词源：来自 tirar（扔投）｜记忆：投入某处
打喷嚏	estornudar	🤧 打喷嚏｜例句：estornudar mucho 经常打喷嚏｜词源：拉丁 sternutare｜记忆：阿嚏
安静的；沉默的	callado	🤫 安静的；沉默的｜例句：estar callado 保持沉默｜词源：来自 callar（沉默）｜记忆：不讲话
胆小的；懦弱的人	cobarde	😨 胆小的；懦弱的人｜例句：un acto cobarde 懦弱的行为｜词源：法语 couard｜记忆：害怕面对
小气的；吝啬的	tacaño	💰 小气的；吝啬的｜例句：un hombre tacaño 小气的人｜词源：古西班牙语｜记忆：舍不得花钱
变老；老化	envejecer	⏳ 变老；老化｜例句：envejecer con salud 健康老去｜词源：en-+viejo（老）｜记忆：时间带来的变化
隐形眼镜	lentillas	👁️ 隐形眼镜｜例句：llevar lentillas 戴隐形眼镜｜词源：来自 lente（镜片）｜记忆：小镜片
配偶	cónyuge	💍 配偶｜例句：mi cónyuge 我的配偶｜词源：拉丁 coniux（伴侣）｜记忆：婚姻伴侣
姐夫；妹夫；小舅子	cuñado	👨 姐夫；妹夫；小舅子｜词源：拉丁 cognatus（有亲属关系）｜记忆：婚姻关系中的兄弟
岳父；公公	suegro	👴 岳父；公公｜例句：mi suegro 我的岳父｜词源：拉丁 socer（岳父）｜记忆：配偶的父亲
儿媳	nuera	👩 儿媳｜例句：mi nuera 我的儿媳｜词源：拉丁 nurus（儿媳）｜记忆：儿子的妻子
女婿	yerno	👨 女婿｜例句：mi yerno 我的女婿｜词源：拉丁 gener｜记忆：女儿的丈夫
曾祖父；太爷爷	bisabuelo	👴 曾祖父；太爷爷｜词源：bi-+abuelo｜记忆：再上一代祖父
双胞胎（异卵）	mellizos	👶👶 双胞胎（异卵）｜例句：hermanos mellizos 双胞胎兄弟｜词源：拉丁 gemellus（双生）｜记忆：两个一起出生
责骂；争吵	reñir	😠 责骂；争吵｜例句：reñir a un niño 批评孩子｜词源：拉丁 ringere（争斗）｜记忆：发生冲突
打架；争吵	pelearse	👊 打架；争吵｜例句：pelearse con alguien 和某人吵架｜词源：来自 pelo（头发）｜记忆：冲突
继承	heredar	🏠 继承｜例句：heredar una casa 继承房子｜词源：拉丁 hereditare｜记忆：从上一代获得
遗嘱	testamento	📜 遗嘱｜例句：hacer testamento 立遗嘱｜词源：拉丁 testamentum｜记忆：身后安排
偶然；巧合	casualidad	🎲 偶然；巧合｜例句：por casualidad 偶然地｜词源：拉丁 casus（发生）｜记忆：巧合
洗礼；受洗仪式	bautizo	💧 洗礼；受洗仪式｜词源：希腊 baptizein（浸入水中）｜记忆：宗教仪式
圣餐；第一次圣餐	comunión	⛪ 圣餐；第一次圣餐｜例句：hacer la primera comunión｜词源：拉丁 communio（联合）｜记忆：宗教仪式
圣人；神圣的	santo	✨ 圣人；神圣的｜例句：Día de Santo 名字节｜词源：拉丁 sanctus｜记忆：神圣
饮料；汽水	refresco	🥤 饮料；汽水｜例句：tomar un refresco 喝饮料｜词源：re-+fresco（凉爽）｜记忆：解渴
烈酒；酒类	licor	🍸 烈酒；酒类｜词源：拉丁 liquor（液体）｜记忆：酒
腐烂	pudrirse	🍎 腐烂｜例句：La fruta se pudre. 水果腐烂｜词源：拉丁 putrere｜记忆：变坏
禁食；斋戒	ayunar	🍽️ 禁食；斋戒｜词源：拉丁 ieiunare｜记忆：不进食
开瓶器	sacacorchos	🍷 开瓶器｜词源：sacar+corcho（软木塞）｜记忆：拔瓶塞
软木；瓶塞	corcho	🍾 软木；瓶塞｜词源：拉丁 quercus（橡树）｜记忆：瓶塞
塞子；盖子	tapón	🧴 塞子；盖子｜例句：tapón de botella 瓶盖｜词源：来自 tapar（覆盖）｜记忆：盖住
甜点；烘焙食品	bollería	🥐 甜点；烘焙食品｜词源：bollo（甜面包）+ -ería｜记忆：甜食
鳎鱼；比目鱼	lenguado	🐟 鳎鱼；比目鱼｜词源：来自 lengua（舌头）｜记忆：扁扁像舌头
金头鲷	dorada	🐟 金头鲷｜词源：dorado（金色的）｜记忆：金色鱼
红鲻鱼	salmonete	🐟 红鲻鱼｜词源：来自 salmón 相关｜记忆：红色小鱼
大虾	langostino	🦐 大虾｜词源：来自 langosta（龙虾）｜记忆：大虾
贻贝；青口	mejillón	🦪 贻贝；青口｜词源：拉丁 musculus（小鼠）｜记忆：贝类
蛤蜊；蛤	almeja	🦪 蛤蜊；蛤｜词源：葡萄牙 ameijoa｜记忆：贝壳海鲜
豆类；蔬菜豆	legumbres	🫘 豆类；蔬菜豆｜例句：comer legumbres 吃豆类｜词源：拉丁 legumen｜记忆：豆类总称
坚果	frutos secos	🥜 坚果｜词源：fruto+seco（干的）｜记忆：干果
杏仁	almendras	🌰 杏仁｜词源：阿拉伯 al-lauz｜记忆：杏仁
榛子	avellanas	🌰 榛子｜词源：拉丁 abellana｜记忆：榛子
罗勒	albahaca	🌿 罗勒｜词源：阿拉伯 al-ḥabaqa｜记忆：香草
碗；小碗	cuenco	🥣 碗；小碗｜词源：拉丁 concha（贝壳）｜记忆：盛东西的小碗
开罐器	abrelatas	🥫 开罐器｜例句：usar un abrelatas 使用开罐器｜词源：abrir+latas（罐头）｜记忆：打开罐头
酒保；调酒师	barman	🍸 酒保；调酒师｜例句：trabajar de barman 做酒保｜词源：英语 bar man｜记忆：酒吧工作人员
研讨会；神学院	seminario	🌱 研讨会；神学院｜例句：un seminario de historia 历史研讨会｜词源：拉丁 seminarium（苗圃）｜记忆：培养知识的地方
惩罚	castigo	⚠️ 惩罚｜例句：recibir un castigo 受到惩罚｜词源：拉丁 castigare｜记忆：做错后的后果
订书机	grapadora	📎 订书机｜例句：una grapadora de oficina 办公订书机｜词源：grapa（订书钉）+ -dora｜记忆：办公用品
回形针；夹子	clip	📎 回形针；夹子｜词源：英语 clip｜记忆：夹文件
卡纸；厚纸	cartulina	📄 卡纸；厚纸｜词源：carta（纸）+ -ulina｜记忆：厚纸
螺丝刀	destornillador	🔧 螺丝刀｜例句：un destornillador eléctrico 电动螺丝刀｜词源：des-+tornillo（螺丝）｜记忆：拧螺丝
插头；插座	enchufe	🔌 插头；插座｜例句：enchufar el móvil 给手机插电｜词源：来自 enchufar（插入）｜记忆：通电接口
围裙	delantal	👩‍🍳 围裙｜词源：delante（前面）相关｜记忆：厨房装备
仓库；储藏室	almacén	📦 仓库；储藏室｜例句：un almacén grande 大仓库｜词源：阿拉伯 al-maḫzan｜记忆：储存东西
赔偿；补偿金	indemnización	💰 赔偿；补偿金｜例句：recibir una indemnización 获得赔偿｜词源：拉丁 indemnis（无损害）｜记忆：弥补损失
佣金；委员会；手续费	comisión	💵 佣金；委员会；手续费｜例句：pagar una comisión 支付手续费｜词源：拉丁 committere（委托）｜记忆：交易产生的钱
预付款；提前支付	anticipo	💰 预付款；提前支付｜例句：pagar un anticipo 支付定金｜词源：ante（之前）+cipar｜记忆：提前给的钱
休假；病假；停职	estar de baja	🏥 休假；病假；停职｜例句：Estoy de baja médica. 我在病假｜词源：baja=低下减少｜记忆：暂离岗位
有抱负的；野心勃勃的	ambicioso	🎯 有抱负的；野心勃勃的｜例句：un proyecto ambicioso 有雄心的项目｜词源：拉丁 ambitio（追求）｜记忆：目标很高
有能力的；能够的	capaz	💪 有能力的；能够的｜例句：ser capaz de hacer algo 能做到某事｜词源：拉丁 capax（能容纳的）｜记忆：有能力
懒惰的；树懒	perezoso	😴 懒惰的；树懒｜例句：un chico perezoso 懒孩子｜词源：来自 pereza（懒惰）｜记忆：不想动
开幕；启用	inaugurar	🎉 开幕；启用｜例句：inaugurar un museo 开设博物馆｜词源：拉丁 inaugurare｜记忆：正式开始
游行；时装秀	desfile	🚶 游行；时装秀｜例句：desfile militar 军事阅兵｜词源：来自 desfilar（列队行进）｜记忆：队伍展示
锦标赛；冠军赛	campeonato	🏆 锦标赛；冠军赛｜例句：ganar un campeonato 赢得冠军｜词源：来自 campeón（冠军）｜记忆：冠军竞争
爱好者；业余的	aficionado	❤️ 爱好者；业余的｜例句：un fotógrafo aficionado 业余摄影师｜词源：来自 afición（兴趣）｜记忆：因兴趣而做
封面；首页	portada	📖 封面；首页｜例句：la portada del libro 书封面｜词源：portar（携带）相关｜记忆：最外层
胜利；成功	triunfo	🏆 胜利；成功｜例句：un gran triunfo 巨大的成功｜词源：拉丁 triumphus（凯旋）｜记忆：赢得胜利
新闻发布会	rueda de prensa	🎤 新闻发布会｜例句：dar una rueda de prensa 举行新闻发布会｜词源：rueda（圆圈）+prensa（新闻）｜记忆：媒体围着采访
水泥	cemento	🏗️ 水泥｜例句：una pared de cemento 水泥墙｜词源：拉丁 caementum（碎石）｜记忆：建房材料
砖	ladrillo	🧱 砖｜例句：una pared de ladrillos 砖墙｜词源：拉丁 laterculus（小砖）｜记忆：砌墙
阁楼；顶楼小房间	buhardilla	🏠 阁楼；顶楼小房间｜例句：vivir en una buhardilla 住在阁楼｜词源：与屋顶结构有关｜记忆：屋顶里的房间
扫帚	escoba	🧹 扫帚｜例句：barrer con una escoba 用扫帚扫｜词源：拉丁 scopa（扫帚）｜记忆：扫地
拖把	fregona	🧽 拖把｜例句：pasar la fregona 拖地｜词源：来自 fregar（擦洗）｜记忆：拖地工具
抹布；布料	trapo	🧻 抹布；布料｜例句：limpiar con un trapo 用抹布清洁｜词源：拉丁 trappus｜记忆：擦东西
灯泡	bombilla	💡 灯泡｜例句：cambiar una bombilla 换灯泡｜词源：bomba（球状）+ -illa｜记忆：发光的小球
手电筒	linterna	🔦 手电筒｜例句：usar una linterna 使用手电筒｜词源：拉丁 lanterna｜记忆：黑暗照明
保险箱	caja fuerte	🔐 保险箱｜词源：caja（箱子）+fuerte（坚固）｜记忆：坚固的箱子
设置自动扣款；登记住址	domiciliar	🏦 设置自动扣款；登记住址｜例句：domiciliar un pago 设置自动付款｜词源：domicilio（住所）拉丁 domus（家）｜记忆：钱从账户自动走
犯罪；违法行为	delito	⚖️ 犯罪；违法行为｜例句：cometer un delito 犯罪｜词源：拉丁 delictum（过错）｜记忆：违法
路灯	farola	🌃 路灯｜例句：una farola de la calle 街灯｜词源：来自 faro（灯塔）｜记忆：夜晚照明
浴袍	albornoz	🚿 浴袍｜词源：阿拉伯 al-burnūs（斗篷）｜记忆：洗澡后穿
拉链	cremallera	🧥 拉链｜例句：subir la cremallera 拉上拉链｜词源：来自 cremar（咬合）｜记忆：开合工具
线；丝；话题线索	hilo	🧵 线；丝；话题线索｜例句：hilo de algodón 棉线｜词源：拉丁 filum｜记忆：缝纫线
衣架	percha	👔 衣架｜例句：colgar la chaqueta en la percha｜词源：拉丁相关词｜记忆：挂衣服
皱的；起皱的	arrugado	👕 皱的；起皱的｜例句：una camisa arrugada 皱巴巴的衬衫｜词源：来自 arrugar（弄皱）｜记忆：不平整
打石膏；固定骨折	escayolar	🦴 打石膏；固定骨折｜例句：escayolar un brazo 给手臂打石膏｜词源：escayola（石膏）｜记忆：骨折固定
头晕；眩晕	mareos	🤢 头晕；眩晕｜例句：tener mareos 头晕｜词源：来自 mar（海）原指晕船｜记忆：头晕
恶心	náuseas	🤢 恶心｜词源：希腊 nausía（晕船）｜记忆：胃不舒服
呕吐	vomitar	🤮 呕吐｜例句：vomitar después de beber 喝酒后呕吐｜词源：拉丁 vomitare｜记忆：吐
污渍；斑点	mancha	🟤 污渍；斑点｜例句：una mancha de café 咖啡渍｜词源：拉丁相关词｜记忆：脏点
痘；颗粒；谷粒	grano	🔴 痘；颗粒；谷粒｜例句：tener granos 长痘｜词源：拉丁 granum（谷粒）｜记忆：小颗粒
旅舍；避难所	albergue	🏕️ 旅舍；避难所｜例句：albergue juvenil 青年旅舍｜词源：日耳曼 haribergō｜记忆：临时住宿
露营	acampar	⛺ 露营｜例句：acampar en la montaña 在山里露营｜词源：来自 campo（田野）｜记忆：户外过夜
行人	peatón	🚶 行人｜例句：paso de peatones 人行横道｜词源：法语 piéton 拉丁 pes（脚）｜记忆：走路的人
腹部；肚子	vientre	🫃 腹部；肚子｜例句：dolor de vientre 肚子疼｜词源：拉丁 venter（腹部）｜记忆：身体内部的腹部
肚脐	ombligo	👶 肚脐｜词源：拉丁 umbilicus｜记忆：出生留下的小圆点
拳头；袖口	puño	✊ 拳头；袖口｜例句：cerrar el puño 握拳｜词源：拉丁 pugnus（拳）｜记忆：握紧的手
拇指	pulgar	👍 拇指｜例句：dedo pulgar 拇指｜词源：拉丁 pollex｜记忆：点赞的手指
头骨；颅骨	cráneo	💀 头骨；颅骨｜词源：希腊 kranion｜记忆：头部骨架
椎骨	vértebra	🦴 椎骨｜例句：columna vertebral 脊柱｜词源：拉丁 vertebra｜记忆：脊椎一节
雀斑	peca	🟤 雀斑｜例句：tener pecas 有雀斑｜词源：拉丁相关词｜记忆：小斑点
头皮屑	caspa	❄️ 头皮屑｜例句：champú anticaspa 去屑洗发水｜词源：拉丁相关词｜记忆：头上的小雪花
魁梧的；身材高大的	corpulento	💪 魁梧的；身材高大的｜例句：un hombre corpulento 魁梧的男人｜词源：corpus（身体）+ -ulento｜记忆：身体很大
强壮的；结实的	robusto	🌳 强壮的；结实的｜例句：una salud robusta 强健的健康｜词源：拉丁 robustus（橡树般坚硬）｜记忆：像树一样强壮
发抖；颤抖	tiritar	🥶 发抖；颤抖｜例句：tiritar de frío 冷得发抖｜词源：拟声词｜记忆：冷得抖
已故的	fallecido	⚰️ 已故的｜例句：el fallecido 逝者｜词源：来自 fallar（停止）｜记忆：正式说去世
朴素的；简朴的	austero	🪵 朴素的；简朴的｜例句：una vida austera 简朴的生活｜词源：希腊 austēros（严厉）｜记忆：简单克制
专横的；傲慢的	prepotente	👑 专横的；傲慢的｜例句：un jefe prepotente 专横的老板｜词源：pre-+potente｜记忆：仗势欺人
多才多艺的；多用途的	versátil	🔄 多才多艺的；多用途的｜例句：un jugador versátil 全能球员｜词源：拉丁 versatilis（可转动）｜记忆：能变化
谦虚的；卑微的	humilde	🌱 谦虚的；卑微的｜例句：una persona humilde 谦虚的人｜词源：拉丁 humilis（低的）｜记忆：贴近土地
愤怒；怒火	ira	🔥 愤怒；怒火｜例句：lleno de ira 满腔怒火｜词源：拉丁 ira｜记忆：强烈愤怒
怜悯；慈悲	piedad	❤️ 怜悯；慈悲｜例句：tener piedad 怜悯｜词源：拉丁 pietas（责任虔诚）｜记忆：同情心
产生幻觉；惊叹	alucinar	🤯 产生幻觉；惊叹｜例句：Estoy alucinando. 我惊呆了｜词源：拉丁 alucinari｜记忆：大脑强烈体验
感到自豪	enorgullecerse	🏆 感到自豪｜例句：enorgullecerse de sus hijos 为孩子骄傲｜词源：en-+orgullo（骄傲）｜记忆：心里骄傲
嫉妒；羡慕	envidiar	👀 嫉妒；羡慕｜例句：envidiar a alguien 嫉妒某人｜词源：拉丁 invidere（敌意地看）｜记忆：盯着别人的拥有
失去信心；泄气	desanimarse	⬇️ 失去信心；泄气｜例句：No te desanimes. 别灰心｜词源：des-+ánimo（精神）｜记忆：动力消失
疲劳；感到累	fatigarse	😫 疲劳；感到累｜例句：fatigarse después de correr 跑后疲劳｜词源：拉丁 fatigare｜记忆：累了
脸红	ruborizarse	😊 脸红｜例句：ruborizarse de vergüenza 羞红脸｜词源：拉丁 rubor（红色）｜记忆：脸变红
厚脸皮的人；无耻的人	caradura	😏 厚脸皮的人；无耻的人｜例句：¡Qué caradura! 真不要脸｜词源：cara（脸）+dura（硬）｜记忆：脸皮厚
倒霉的人；扫把星	gafe	🍀❌ 倒霉的人；扫把星｜例句：ser gafe 很倒霉｜词源：西班牙俚语｜记忆：运气不好
继父	padrastro	👨 继父｜词源：padre（父亲）相关｜记忆：非亲生父亲
继母	madrastra	👩 继母｜词源：madre（母亲）相关｜记忆：非亲生母亲
教父；伴郎；赞助人	padrino	⛪ 教父；伴郎；赞助人｜词源：padre+ -ino｜记忆：仪式上的保护人
教母；女赞助人	madrina	⛪ 教母；女赞助人｜词源：padrino 女性形式｜记忆：女性保护人
操纵；操作	manipular	✋ 操纵；操作｜例句：manipular información 操纵信息｜词源：拉丁 manus（手）｜记忆：用手控制
宠坏；溺爱坏	malcriar	👶 宠坏；溺爱坏｜例句：malcriar a un niño 宠坏孩子｜词源：mal（坏）+criar（养育）｜记忆：宠爱过度
客人；住客	huésped	🏨 客人；住客｜例句：los huéspedes del hotel 酒店住客｜词源：拉丁 hospes（客人主人）｜记忆：被接待的人
主人；东道主	anfitrión	🏠 主人；东道主｜例句：un buen anfitrión 好主人｜词源：希腊神话 Anfitrión｜记忆：招待别人的人
贪吃的；贪食者	glotón	🍖 贪吃的；贪食者｜例句：un niño glotón 贪吃的孩子｜词源：拉丁 glutto（贪吃者）｜记忆：吃很多
小口吸；啜饮	sorber	🥤 小口吸；啜饮｜例句：sorber una sopa 喝汤｜词源：拉丁 sorbere（吸入）｜记忆：小口喝
品尝；鉴定	catar	🍷 品尝；鉴定｜例句：catar un vino 品酒｜词源：拉丁 captare（捕捉尝试）｜记忆：专门品鉴
鹌鹑	codorniz	🐦 鹌鹑｜词源：拉丁相关词｜记忆：小鸟
白豆；菜豆	alubias	🫘 白豆；菜豆｜词源：阿拉伯 al-lubiya｜记忆：西班牙常见豆类
豆子	frijoles	🫘 豆子｜词源：拉丁 phaseolus｜记忆：拉美版豆子
一瓣；一片	gajo	🍊 一瓣；一片｜例句：un gajo de naranja 一瓣橙子｜词源：树枝的小分叉｜记忆：橘子瓣
外皮；树皮；面包皮	corteza	🌳 外皮；树皮；面包皮｜例句：corteza de pan 面包皮｜词源：拉丁 cortex（树皮）｜记忆：外层保护
圆片；切片	rodaja	🍋 圆片；切片｜例句：una rodaja de limón 一片柠檬｜词源：来自 rueda（轮子）｜记忆：圆形切片
一块；一片	pedazo	🧩 一块；一片｜例句：un pedazo de pan 一块面包｜词源：拉丁 pitacium（碎片）｜记忆：一块东西
沥干；滴干	escurrir	💧 沥干；滴干｜例句：escurrir la pasta 沥干意面｜词源：拉丁相关词｜记忆：让水流走
甜腻的；腻人的	empalagoso	🍰 甜腻的；腻人的｜例句：un postre empalagoso 很甜腻的甜点｜词源：来自 empalagar（使厌烦）｜记忆：甜过头
酸味；胃酸	acidez	🔥 酸味；胃酸｜例句：tener acidez de estómago 胃酸｜词源：ácido+ -ez｜记忆：胃里发酸
餐具	vajilla	🍽️ 餐具｜例句：lavar la vajilla 洗餐具｜词源：vaso（杯子）相关｜记忆：吃饭用具
滤网；漏勺	colador	🍝 滤网；漏勺｜例句：un colador de pasta 意面滤网｜词源：colar（过滤）+ -dor｜记忆：过滤水
小酒馆	tasca	🍺 小酒馆｜例句：una tasca tradicional 传统小酒馆｜词源：古西班牙语｜记忆：小店喝酒
海边小酒吧；小摊	chiringuito	🏖️ 海边小酒吧；小摊｜词源：古巴西语｜记忆：海边小店
学生；弟子	discípulo	📚 学生；弟子｜例句：discípulo de un maestro 师傅的弟子｜词源：拉丁 discipulus｜记忆：跟随学习
车间；工作坊；修理店	taller	🔧 车间；工作坊；修理店｜例句：taller mecánico 汽车修理店｜词源：法语 atelier｜记忆：动手工作的地方
小零食；糖果；小玩意	chucherías	🍬 小零食；糖果；小玩意｜例句：comprar chucherías 买零食｜词源：来自 chuchería｜记忆：小吃
报酬；回报	retribución	💰 报酬；回报｜例句：retribución económica 经济报酬｜词源：拉丁 retribuere（回报）｜记忆：工作所得
辞职	dimitir	🚪 辞职｜例句：dimitir como presidente 辞去主席职务｜词源：拉丁 dimittere（放弃）｜记忆：离开岗位
熬夜	trasnochar	🌙 熬夜｜例句：trasnochar estudiando 熬夜学习｜词源：tras（超过）+noche（夜晚）｜记忆：夜晚拖延
看台	grada	🏟️ 看台｜例句：sentarse en la grada 坐看台｜词源：与 grado（层级）有关｜记忆：观众席
包厢；贵宾席	palco	🎭 包厢；贵宾席｜词源：意大利 palco｜记忆：高级观看区
锦标赛；比赛	torneo	🏆 锦标赛；比赛｜词源：法语 tournoi｜记忆：多场竞争
竞赛；比赛	certamen	🥇 竞赛；比赛｜例句：certamen literario 文学比赛｜词源：拉丁 certamen（竞争）｜记忆：正式竞赛
对手；敌手	adversario	⚔️ 对手；敌手｜词源：拉丁 adversarius（相反的一方）｜记忆：对立者
对手；反对者	oponente	🆚 对手；反对者｜词源：拉丁 opponere（放在对面）｜记忆：对面的人
混凝土	hormigón	🏗️ 混凝土｜例句：hormigón armado 钢筋混凝土｜词源：拉丁相关词｜记忆：建筑主体
简陋棚屋；贫民窟小屋	chabola	🛖 简陋棚屋；贫民窟小屋｜词源：巴斯克 txabola（小屋）｜记忆：简陋房子
小屋；茅屋	choza	🛖 小屋；茅屋｜例句：vivir en una choza 住在小屋里｜词源：拉丁相关词｜记忆：简单住所
百洁布；洗碗刷	estropajo	🧽 百洁布；洗碗刷｜例句：fregar con un estropajo 用百洁布刷洗｜词源：古西班牙语｜记忆：擦洗工具
漂白剂	lejía	🧴 漂白剂｜例句：limpiar con lejía 用漂白剂清洁｜词源：拉丁 lixiva（洗涤液）｜记忆：消毒清洁
摩擦；擦	frotar	✋ 摩擦；擦｜例句：frotar una mancha 擦污渍｜词源：拉丁 fricare（摩擦）｜记忆：来回擦
冲洗；澄清；说明	aclarar	💧 冲洗；澄清；说明｜例句：aclarar la ropa 冲洗衣服｜词源：a-+claro（清楚）｜记忆：变清楚
担架；诊疗床	camilla	🚑 担架；诊疗床｜词源：法语 camille｜记忆：急救搬运
展示柜；橱窗	vitrina	🪟 展示柜；橱窗｜例句：una vitrina de una tienda 商店橱窗｜词源：拉丁 vitrum（玻璃）｜记忆：玻璃展示
归还；退款	devolución	🔄 归还；退款｜例句：pedir una devolución 要求退款｜词源：来自 devolver（归还）｜记忆：返回
担保；保证	aval	🤝 担保；保证｜例句：necesitar un aval para alquilar 租房需要担保｜词源：法语 aval｜记忆：背书保证
逮捕	arresto	🚓 逮捕｜例句：orden de arresto 逮捕令｜词源：拉丁 restare（停留）｜记忆：被抓
拘留；停止	detención	⛓️ 拘留；停止｜例句：detención policial 警方拘留｜词源：拉丁 detinere｜记忆：被限制
审问；讯问	interrogatorio	❓ 审问；讯问｜例句：un interrogatorio policial 警方审讯｜词源：拉丁 interrogare（询问）｜记忆：连续提问
帮助；援助	auxilio	🆘 帮助；援助｜例句：pedir auxilio 求助｜词源：拉丁 auxilium｜记忆：救助
援救；帮助	socorrer	🚑 援救；帮助｜例句：socorrer a una víctima 救助受害者｜词源：拉丁 succurrere（跑去帮助）｜记忆：及时帮助
垃圾场；废物堆放处	vertedero	🗑️ 垃圾场；废物堆放处｜词源：verter（倾倒）+ -dero｜记忆：垃圾集中地
照明；灯光系统	alumbrado	💡 照明；灯光系统｜例句：alumbrado público 公共照明｜词源：alumbrar（照亮）｜记忆：光
下水道系统	alcantarillado	🌧️ 下水道系统｜词源：阿拉伯 al-qantara（桥通道）｜记忆：排水
柜台	mostrador	🏪 柜台｜例句：en el mostrador 在柜台｜词源：mostrar+ -dor｜记忆：服务台
架子；搁板	estante	📚 架子；搁板｜例句：un estante de libros 书架｜词源：拉丁 stantem（站立）｜记忆：放物品
负责人；主管	encargado	👤 负责人；主管｜例句：el encargado de la tienda 店长｜词源：en-+cargo（职责）｜记忆：负责的人
供应商	proveedor	📦 供应商｜词源：proveer（提供）｜记忆：提供东西
拍卖	subastar	🔨 拍卖｜例句：subastar una casa 拍卖房子｜词源：sub+asta（长矛）｜记忆：竞价出售
获得；购买	adquirir	📈 获得；购买｜例句：adquirir experiencia 获得经验｜词源：拉丁 acquirere｜记忆：获得
支付费用；承担成本	costear	💰 支付费用；承担成本｜例句：costear los gastos 支付费用｜词源：costo（成本）｜记忆：出钱
支付；掏钱	desembolsar	👛 支付；掏钱｜例句：desembolsar mucho dinero 花很多钱｜词源：des-+bolsa（钱包）｜记忆：钱袋拿出来
浪费	malgastar	❌ 浪费｜例句：malgastar dinero 浪费钱｜词源：mal+gastar（花费）｜记忆：白花钱
复发	recaída	🔄 复发｜例句：tener una recaída 病情复发｜词源：re-+caer（掉落）｜记忆：又倒下
扭伤；拉伤	esguince	🦶 扭伤；拉伤｜例句：un esguince de tobillo 脚踝扭伤｜词源：古法语｜记忆：扭到
愈合；结疤	cicatrizar	🩹 愈合；结疤｜例句：la herida cicatriza 伤口愈合｜词源：cicatriz（疤痕）｜记忆：伤口恢复
痒；瘙痒感	picor	🦟 痒；瘙痒感｜例句：tener picor en la piel 皮肤痒｜词源：来自 picar（刺痒）｜记忆：想抓
障碍；紊乱	trastorno	⚠️ 障碍；紊乱｜例句：trastorno mental 精神障碍｜词源：tras-+tornar（转变）｜记忆：系统失衡
头发	cabello	💇 头发｜例句：tener el cabello largo 留长发｜词源：拉丁 capillus（头发）｜记忆：正式说法的头发
指南针；罗盘	brújula	🧭 指南针；罗盘｜例句：usar una brújula 使用指南针｜词源：意大利 bussola｜记忆：指方向
打滑；侧滑	derrape	🚗 打滑；侧滑｜例句：un derrape del coche 汽车打滑｜词源：来自 derrapar（滑动）｜记忆：轮胎滑动
轮胎爆胎；刺痛；扎针	pinchazo	🛞 轮胎爆胎；刺痛；扎针｜例句：tener un pinchazo 爆胎｜词源：来自 pinchar（刺扎）｜记忆：被扎破
推；推动	empujar	✋ 推；推动｜例句：empujar una puerta 推门｜词源：拉丁相关词｜记忆：向前推
拖；拖车	remolcar	🚙 拖；拖车｜例句：remolcar un coche 拖车｜词源：拉丁 remulcare｜记忆：拉走
使盈利；提高收益	rentabilizar	📈 使盈利；提高收益｜例句：rentabilizar una inversión 让投资盈利｜词源：renta（收益）｜记忆：赚钱效率
纳税人；贡献者	contribuyente	💰 纳税人；贡献者｜例句：los contribuyentes pagan impuestos｜词源：contribuir（贡献）｜记忆：缴税的人
格言；口号	lema	🏳️ 格言；口号｜例句：el lema de la empresa 公司口号｜词源：希腊 lēmma（主题）｜记忆：代表精神的话
赞助；支持	patrocinar	💵 赞助；支持｜例句：patrocinar un evento 赞助活动｜词源：拉丁 patronus（保护人）｜记忆：背后支持
经理；管理者	gerente	👔 经理；管理者｜例句：gerente de una empresa 公司经理｜词源：拉丁 gerere（管理）｜记忆：管理岗位
收集；采集	recolección	📦 收集；采集｜例句：recolección de basura 垃圾收集｜词源：recoger（收集）｜记忆：收起来
庄园；农场；地产	finca	🌳 庄园；农场；地产｜例句：una finca agrícola 农场｜词源：来自 fincar（固定）｜记忆：一大片土地
菜园；果蔬园	huerta	🥕 菜园；果蔬园｜例句：trabajar en la huerta 在菜园工作｜词源：拉丁 hortus（花园）｜记忆：种菜地方
马厩；牲畜棚	establo	🐴 马厩；牲畜棚｜例句：un establo de caballos 马厩｜词源：拉丁 stabulum｜记忆：动物房
兽群；一群动物	manada	🐺 兽群；一群动物｜例句：una manada de lobos 一群狼｜词源：mano（手）相关｜记忆：动物群
羊群；畜群	rebaño	🐑 羊群；畜群｜例句：un rebaño de ovejas 一群羊｜词源：拉丁相关词｜记忆：羊群
播种	sembrar	🌱 播种｜例句：sembrar trigo 播种小麦｜词源：拉丁 seminare｜记忆：撒种
收获；收割	cosechar	🌾 收获；收割｜例句：cosechar arroz 收割水稻｜词源：cosecha（收成）｜记忆：收获成果
等级；层级	jerarquía	📊 等级；层级｜例句：jerarquía empresarial 企业等级｜词源：希腊 hierarchia｜记忆：上下等级
贿赂	soborno	💵 贿赂｜例句：aceptar un soborno 收受贿赂｜词源：古西班牙语｜记忆：非法送钱
赞歌；国歌	himno	🎵 赞歌；国歌｜例句：himno nacional 国歌｜词源：希腊 hymnos｜记忆：庄严歌曲
情节；阴谋；结构	trama	📖 情节；阴谋；结构｜例句：la trama de una novela 小说情节｜词源：拉丁 trama（织物经线）｜记忆：故事线
阴谋；好奇心	intriga	🕵️ 阴谋；好奇心｜例句：una película llena de intriga 充满悬疑的电影｜词源：拉丁 intricare（使复杂）｜记忆：神秘计划
晕倒；昏厥	desmayarse	😵 晕倒；昏厥｜例句：Se desmayó por el calor. 因炎热晕倒｜词源：来自 mayo 相关变化｜记忆：突然失去意识
药片；药丸	píldora	💊 药片；药丸｜例句：tomar una píldora 吃一片药｜词源：拉丁 pilula（小球）｜记忆：小药丸
定量；控制剂量	dosificar	⚖️ 定量；控制剂量｜例句：dosificar un medicamento 控制药物剂量｜词源：dosis（剂量）｜记忆：控制多少
摄入；吞服	ingerir	🍽️ 摄入；吞服｜例句：ingerir alimentos 摄入食物｜词源：拉丁 ingerere（放入）｜记忆：放进身体
体毛；细毛	vello	🧔 体毛；细毛｜例句：vello corporal 体毛｜词源：拉丁 villus（绒毛）｜记忆：不是头发，是身体上的毛