rechazar	❌ reject / refuse	释义：拒绝；驳回（动词）<br>核心：不接受某人、某物或某提议。<br>例：rechazar una oferta = 拒绝一个报价。<br>词源：re-（再次）+ echar（扔、赶走）。<br>记忆：❌ 推回去。
acudir	🏃 go to / attend	释义：前往；参加；求助于（动词）<br>核心：去某个地方，尤其正式场合。<br>例：acudir al médico = 去看医生。<br>词源：来自拉丁 accurrere（跑向）。<br>记忆：🏃 朝某处赶去。
consejo	💡 advice / council	释义：建议；委员会（阳性名词）<br>核心：建议，也指组织机构。<br>例：dar un consejo = 提建议。<br>词源：来自拉丁 consilium（意见、计划）。<br>记忆：💡 给别人方向。
viento	🌬️ wind	释义：风（阳性名词）<br>核心：空气流动。<br>例：hace mucho viento = 风很大。<br>词源：来自拉丁 ventus。<br>记忆：🌬️ 空气移动。
vencer	🏆 defeat / expire	释义：战胜；克服；到期（动词）<br>核心：赢过，也用于期限结束。<br>例：* vencer al enemigo = 战胜敌人<br>词源：来自拉丁 vincere（征服）。<br>记忆：🏆 赢过。
marchar	🚶 leave / march / work	释义：离开；行进；运行（动词）<br>核心：离开某地，也可表示机器运转。<br>例：* marcharse de casa = 离开家<br>词源：来自法语 marcher。<br>记忆：🚶 往前走。
ajeno	👤 other people's / foreign / alien	释义：别人的；陌生的；无关的（形容词）<br>核心：属于别人，不属于自己。<br>例：problemas ajenos = 别人的问题。<br>词源：来自拉丁 alienus（外国的、别人的）。<br>记忆：👤 不是自己的。
propósito	🎯 purpose	释义：目的；意图（阳性名词）<br>核心：想达到的目标。<br>例：con el propósito de mejorar = 为了改善。<br>词源：来自拉丁 proponere（提出）。<br>记忆：🎯 目标。
merecer	🏅 deserve	释义：值得；应得（动词）<br>核心：因行为获得某种结果。<br>例：merecer respeto = 值得尊重。<br>词源：来自拉丁 merescere。<br>记忆：🏅 配得上。
piedra	🪨 stone / rock	释义：石头（阴性名词）<br>核心：岩石、小石块。<br>例：una piedra grande = 大石头。<br>词源：来自拉丁 petra。<br>记忆：🪨 石头。
caer	⬇️ fall	释义：掉落；下降；发生（动词）<br>核心：从高处向下，也可表示喜欢/合适。<br>例：* caer al suelo = 掉到地上<br>词源：拉丁 cadere。<br>记忆：⬇️ 向下。
aparato	⚙️ device / apparatus	释义：设备；装置；器官系统（阳性名词）<br>核心：机器设备，也可指身体系统。<br>例：aparato digestivo = 消化系统。<br>词源：来自拉丁 apparatus（准备好的东西）。<br>记忆：⚙️ 装置。
permanecer	⏳ remain / stay	释义：保持；停留（动词）<br>核心：继续处于某状态。<br>例：permanecer tranquilo = 保持冷静。<br>词源：per-（持续）+ manere（停留）。<br>记忆：⏳ 留在那里。
saltar	🦘 jump	释义：跳；跳跃；爆发（动词）<br>核心：跳起来，也可表示突然发生。<br>例：* saltar una valla = 跳过围栏<br>词源：拉丁 saltare。<br>记忆：🦘 跳。
contestar	💬 answer / reply	释义：回答；回应（动词）<br>核心：对问题作答。<br>例：contestar una pregunta = 回答问题。<br>词源：con- + testari（证明）。<br>记忆：💬 回话。
moneda	🪙 coin / currency	释义：硬币；货币（阴性名词）<br>核心：钱币。<br>例：moneda extranjera = 外币。<br>词源：来自拉丁 moneta。<br>记忆：🪙 钱。
ejército	⚔️ army	释义：军队（阳性名词）<br>核心：国家军事力量。<br>例：el ejército español = 西班牙军队。<br>词源：来自拉丁 exercitus（训练、军队）。<br>记忆：⚔️ 武装力量。
entregar	🤲 deliver / hand in	释义：交付；递给；提交（动词）<br>核心：把东西交给别人。<br>例：entregar un documento = 提交文件。<br>词源：en- + entregar（给予）。<br>记忆：🤲 交出去。
manifestar	📢 express / manifest	释义：表达；表明；显示（动词）<br>核心：公开表达观点或状态。<br>例：manifestar una opinión = 表达观点。<br>词源：来自拉丁 manifestus（明显的）。<br>记忆：📢 让别人看见。
acaso	❓ perhaps / maybe	释义：也许；难道；偶然（副词）<br>核心：表示可能或疑问。<br>例：¿Acaso eres tú? = 难道是你？<br>词源：a + caso（情况）。<br>记忆：❓ 不确定。
entero	🧩 whole / entire	释义：完整的；整个的；整数的（形容词）<br>核心：没有缺少部分。<br>例：el día entero = 整整一天。<br>词源：来自拉丁 integer（未被触碰的、完整的）。<br>记忆：🧩 完整无缺。
apenas	📉 hardly / barely	释义：几乎不；刚刚；仅仅（副词）<br>核心：表示程度很低。<br>例：* Apenas tengo tiempo. = 我几乎没时间。<br>词源：a + penas（困难地）。<br>记忆：📉 少到几乎没有。
gasto	💸 expense / spending	释义：花费；支出（阳性名词）<br>核心：花出去的钱。<br>例：gastos de casa = 家庭开支。<br>词源：来自 gastar（花费）。<br>记忆：💸 钱出去。
suceder	➡️ happen / succeed	释义：发生；接替（动词）<br>核心：事情发生，也指职位继承。<br>例：* ¿Qué sucedió? = 发生了什么？<br>词源：拉丁 succedere（跟随而来）。<br>记忆：➡️ 接着发生。
caber	📦 fit	释义：容纳；装得下（动词）<br>核心：某物能进入某空间。<br>例：No cabe en la caja. = 它装不进箱子。<br>词源：来自拉丁 capere（抓住、容纳）。<br>记忆：📦 能不能放进去。
actual	🕒 current / present	释义：现在的；当前的（形容词）<br>核心：表示“目前的”。<br>例：la situación actual = 当前情况。<br>词源：来自拉丁 actualis（现实中的）。<br>记忆：🕒 现在。
prestar	🤲 lend / provide	释义：借出；提供；给予（动词）<br>核心：把东西暂时给别人。<br>例：* prestar dinero = 借钱给别人<br>词源：来自拉丁 praestare（提供）。<br>记忆：🤲 给出去。
siglo	📅 century	释义：世纪（阳性名词）<br>核心：一百年。<br>例：el siglo XXI = 21世纪。<br>词源：来自拉丁 saeculum（时代）。<br>记忆：📅 100年。
arrancar	🔑 pull out / start	释义：拔出；启动；突然开始（动词）<br>核心：从根部拉出，也用于机器启动。<br>例：* arrancar un árbol = 拔树<br>词源：来自日耳曼语。<br>记忆：🔑 强力启动。
escaso	📉 scarce / limited	释义：少的；不足的（形容词）<br>核心：数量不足。<br>例：recursos escasos = 稀缺资源。<br>词源：来自拉丁 excarpsus（取出的）。<br>记忆：📉 不够。
confundir	🔀 confuse	释义：混淆；弄错（动词）<br>核心：把两个东西搞混。<br>例：confundir nombres = 弄错名字。<br>词源：拉丁 confundere（混合）。<br>记忆：🔀 混在一起。
acontecimiento	📰 event / occurrence	释义：事件；重大事情（阳性名词）<br>核心：值得注意的事情。<br>例：un acontecimiento histórico = 历史事件。<br>词源：acontecer（发生）+ -miento。<br>记忆：📰 大事件。
rama	🌳 branch	释义：树枝；分支（阴性名词）<br>核心：植物枝条，也指学科分支。<br>例：* rama de árbol = 树枝<br>词源：来自拉丁 ramus。<br>记忆：🌳 分出去。
someter	⬇️ submit / subject	释义：使服从；提交（动词）<br>核心：控制别人，或把问题交给处理。<br>例：* someter a alguien = 使某人服从<br>词源：so-（下面）+ meter（放）。<br>记忆：⬇️ 放在控制之下。
plantear	💡 propose / raise	释义：提出；考虑；设想（动词）<br>核心：提出问题、方案。<br>例：plantear una pregunta = 提出问题。<br>词源：来自 planta（植物、基础）。<br>记忆：💡 把想法放出来。
esconder	🙈 hide	释义：隐藏（动词）<br>核心：让别人看不到。<br>例：esconder un secreto = 隐藏秘密。<br>词源：来自拉丁 abscondere。<br>记忆：🙈 藏起来。
trasladar	🚚 transfer / move	释义：移动；转移；调动（动词）<br>核心：从一个地方移动到另一个地方。<br>例：* trasladar una oficina = 搬办公室<br>词源：拉丁 translatus（搬过去）。<br>记忆：🚚 转移。
cometer	⚠️ commit	释义：犯（错误、罪行）（动词）<br>核心：与负面行为搭配。<br>例：* cometer un error = 犯错误<br>词源：拉丁 committere（做、交付）。<br>记忆：⚠️ 做出某事。
cadena	⛓️ chain	释义：链条；连锁；系列（阴性名词）<br>核心：一个接一个连接。<br>例：* cadena de tiendas = 连锁店<br>词源：拉丁 catena。<br>记忆：⛓️ 连接。
dedo	☝️ finger / toe	释义：手指；脚趾（阳性名词）<br>核心：手脚末端的小指状部分。<br>例：dedo pulgar = 拇指。<br>词源：拉丁 digitus。<br>记忆：☝️ 手指。
torno	⚙️ lathe / turn	释义：车床；旋转装置；回转（阳性名词）<br>核心：机械加工工具，也指旋转。<br>例：trabajar con un torno = 用车床工作。<br>词源：拉丁 tornus。<br>记忆：⚙️ 旋转加工。
rasgo	👤 trait / feature	释义：特点；特征；一笔（阳性名词）<br>核心：某人的特点或明显部分。<br>例：rasgos de personalidad = 性格特点。<br>词源：来自 rasgar（划、画）。<br>记忆：👤 特征。
remedio	🩹 remedy / solution	释义：办法；药物；补救措施（阳性名词）<br>核心：解决问题的方法。<br>例：no hay remedio = 没办法。<br>词源：拉丁 remedium。<br>记忆：🩹 解决办法。
comportamiento	👤 behavior	释义：行为；举止（阳性名词）<br>核心：人的表现方式。<br>例：buen comportamiento = 良好行为。<br>词源：comportarse（表现）+ -miento。<br>记忆：👤 怎么表现。
atrever	💪 dare	释义：敢于（动词，常用 atreverse a）<br>核心：有勇气做某事。<br>例：atreverse a decir la verdad = 敢说真话。<br>词源：来自拉丁语相关词。<br>记忆：💪 敢做。
época	📅 era / period	释义：时期；时代（阴性名词）<br>核心：一段历史或人生阶段。<br>例：en aquella época = 在那个时期。<br>词源：来自希腊语 epokhḗ（停留、阶段）。<br>记忆：📅 某个时代。
ceder	🤲 yield / give up	释义：让出；放弃；屈服（动词）<br>核心：把权利、空间或优势让给别人。<br>例：* ceder el paso = 让路<br>词源：拉丁 cedere（走开、让出）。<br>记忆：🤲 让出去。
cobrar	💰 charge / collect / recover	释义：收钱；获得；恢复（动词）<br>核心：收取费用，也可表示恢复某种状态。<br>例：* cobrar un sueldo = 领取工资<br>词源：来自拉丁 recuperare（收回）。<br>记忆：💰 把钱收回来。
plazo	⏳ deadline / term	释义：期限；时间段（阳性名词）<br>核心：规定完成事情的时间。<br>例：* plazo de entrega = 交付期限<br>词源：来自拉丁 placitum（约定）。<br>记忆：⏳ 时间限制。
invierno	❄️ winter	释义：冬天（阳性名词）<br>核心：四季之一。<br>例：en invierno hace frío = 冬天很冷。<br>词源：来自拉丁 hibernum。<br>记忆：❄️ 寒冷季节。
molestar	😣 bother / annoy	释义：打扰；使烦恼（动词）<br>核心：造成不便或不舒服。<br>例：¿Te molesto? = 我打扰你了吗？<br>词源：来自拉丁 molestus（麻烦的）。<br>记忆：😣 让人不舒服。
salvo	🛡️ except / safe	释义：除了；安全的（形容词/介词）<br>核心：* salvo Juan = 除了胡安<br>词源：拉丁 salvus（安全）。<br>记忆：🛡️ 被保护。
regresar	🔙 return	释义：返回（动词）<br>核心：回到原来的地方。<br>例：regresar a casa = 回家。<br>词源：re-（再次）+ gradior（走）。<br>记忆：🔙 回去。
ausencia	🚫 absence	释义：缺席；缺乏（阴性名词）<br>核心：某人不在，或某物不存在。<br>例：* ausencia de pruebas = 缺少证据<br>词源：拉丁 absentia。<br>记忆：🚫 不在那里。
sombra	🌑 shadow	释义：影子；阴影（阴性名词）<br>核心：遮挡光线形成的暗处。<br>例：sentarse a la sombra = 坐在阴凉处。<br>词源：拉丁 umbra。<br>记忆：🌑 没有光。
éxito	🏆 success	释义：成功（阳性名词）<br>核心：达到目标的结果。<br>例：tener éxito = 成功。<br>词源：拉丁 exitus（出口、结果）。<br>记忆：🏆 好结果。
arreglar	🔧 fix / arrange	释义：修理；整理；解决（动词）<br>核心：让事情恢复正常。<br>例：* arreglar un coche = 修车<br>词源：a- + regla（规则）。<br>记忆：🔧 修好。
ciego	👁️ blind	释义：瞎的；盲人（形容词/名词）<br>核心：失去视觉。<br>例：un hombre ciego = 盲人。<br>词源：来自拉丁 caecus。<br>记忆：👁️ 看不见。
facilitar	✅ facilitate / provide	释义：使容易；提供（动词）<br>核心：降低难度或提供帮助。<br>例：* facilitar información = 提供信息<br>词源：fácil（容易）+ -itar。<br>记忆：✅ 让事情更容易。
puente	🌉 bridge	释义：桥；桥梁；长周末（阳性名词）<br>核心：* 实体桥<br>例：hacer puente = 连休。<br>词源：拉丁 pons。<br>记忆：🌉 连接两边。
procurar	🎯 try / seek / provide	释义：努力；设法；提供（动词）<br>核心：尝试实现某目标。<br>例：procurar evitar errores = 努力避免错误。<br>词源：拉丁 procurare（管理、照顾）。<br>记忆：🎯 努力做到。
capaz	💪 capable / able	释义：有能力的；能够的（形容词）<br>核心：具备能力。<br>例：* ser capaz de hacer algo = 能做某事<br>词源：拉丁 capax（能容纳的）。<br>记忆：💪 有能力。
rodear	🔄 surround	释义：围绕；包围（动词）<br>核心：在周围形成圈。<br>例：rodear una ciudad = 包围城市。<br>词源：rueda（轮子）相关。<br>记忆：🔄 围一圈。
hallar	🔍 find	释义：找到；发现（动词）<br>核心：比 encontrar 更正式。<br>例：hallar una solución = 找到解决方案。<br>词源：来自拉丁 afflare（发现）。<br>记忆：🔍 找到。
pegar	📌 stick / hit	释义：粘；贴；打（动词）<br>核心：* 粘东西<br>例：* pegar un golpe = 打一拳<br>词源：拉丁 picare。<br>记忆：📌 贴上去。
lamentar	😔 regret / lament	释义：遗憾；哀悼（动词）<br>核心：对坏结果感到难过。<br>例：Lamento lo ocurrido. = 我对此感到遗憾。<br>词源：拉丁 lamentari。<br>记忆：😔 后悔难过。
rendir	📈 yield / surrender	释义：产生；屈服；交出（动词）<br>核心：多义高频词。<br>例：* rendir frutos = 产生效果<br>词源：来自拉丁 reddere（归还）。<br>记忆：📈 产生结果。
meter	📦 put / insert	释义：放入；进入；使进入（动词）<br>核心：放进去。<br>例：* meter la llave = 插钥匙<br>词源：拉丁 mittere（送、放）。<br>记忆：📦 放进去。
rueda	🚗 wheel	释义：轮子；车轮（阴性名词）<br>核心：圆形旋转物。<br>例：rueda del coche = 汽车轮胎。<br>词源：拉丁 rota。<br>记忆：🚗 转动。
régimen	📋 regime / diet	释义：制度；政体；饮食计划（阳性名词）<br>核心：* 政治制度<br>例：* régimen político = 政治制度<br>词源：拉丁 regimen（管理）。<br>记忆：📋 规则体系。
techo	🏠 roof / ceiling	释义：屋顶；天花板（阳性名词）<br>核心：房子的顶部。<br>例：el techo de la casa = 房顶。<br>词源：来自拉丁 tectum（覆盖物）。<br>记忆：🏠 上面的盖子。
exigir	📢 demand / require	释义：要求；需要（动词）<br>核心：强烈要求，或某事需要某条件。<br>例：* exigir respeto = 要求尊重<br>词源：来自拉丁 exigere（驱赶出来、要求）。<br>记忆：📢 强烈要求。
equivocarse	❌ make a mistake / be wrong	释义：弄错；犯错（动词）<br>核心：判断错误。<br>例：Me he equivocado de camino. = 我走错路了。<br>词源：来自拉丁 aequivocus（同名、混淆）。<br>记忆：❌ 搞错。
padecer	😣 suffer / suffer from	释义：遭受；患（病）（动词）<br>核心：经历痛苦、不好的状态。<br>例：* padecer una enfermedad = 患病<br>词源：来自拉丁 pati（受苦）。<br>记忆：😣 承受痛苦。
riqueza	💎 wealth / richness	释义：财富；丰富（阴性名词）<br>核心：* 金钱财富<br>例：* riqueza cultural = 文化丰富性<br>词源：rico（富有）+ -eza。<br>记忆：💎 富足。
alma	❤️ soul	释义：灵魂；内心（阴性名词）<br>核心：人的精神部分。<br>例：con toda el alma = 全心全意。<br>词源：拉丁 anima（生命、灵魂）。<br>记忆：❤️ 内在的自己。
inquietud	😟 concern / restlessness	释义：不安；忧虑；兴趣（阴性名词）<br>核心：心里不平静。<br>例：* sentir inquietud = 感到不安<br>词源：in-（不）+ quietus（安静）。<br>记忆：😟 心无法安静。
espalda	🧍 back	释义：背；后面（阴性名词）<br>核心：身体背部。<br>例：dolor de espalda = 背痛。<br>词源：可能来自拉丁 spatula（肩胛）。<br>记忆：🧍 身后。
fingir	🎭 pretend / fake	释义：假装（动词）<br>核心：表现出并不存在的状态。<br>例：fingir estar enfermo = 假装生病。<br>词源：拉丁 fingere（塑造、创造）。<br>记忆：🎭 演出来。
lento	🐢 slow	释义：慢的（形容词）<br>核心：速度低。<br>例：un coche lento = 慢车。<br>词源：拉丁 lentus（缓慢）。<br>记忆：🐢 慢。
escala	📊 scale / stopover	释义：规模；等级；楼梯；停留（阴性名词）<br>核心：多义词。<br>例：* escala de precios = 价格等级<br>词源：拉丁 scala（梯子）。<br>记忆：📊 一层一层。
pertenecer	👥 belong	释义：属于（动词）<br>核心：表示归属关系。<br>例：pertenecer a un grupo = 属于一个群体。<br>词源：per- + tener（拥有）。<br>记忆：👥 是其中一部分。
recurrir	🆘 resort to / appeal	释义：求助；诉诸；再次发生（动词）<br>核心：* 寻求帮助<br>例：recurrir a un médico = 求助医生。<br>词源：拉丁 recurrere（跑回来）。<br>记忆：🆘 找办法。
rato	⏱️ while / moment	释义：一会儿；一段时间（阳性名词）<br>核心：不确定的短时间。<br>例：esperar un rato = 等一会儿。<br>词源：拉丁 raptus（短暂时间）。<br>记忆：⏱️ 一小段时间。
acerca	📌 about / near	释义：关于；接近（副词/介词）<br>核心：* acerca de = 关于<br>例：hablar acerca del problema = 谈论问题。<br>词源：a + cerca（近）。<br>记忆：📌 靠近主题。
digno	👑 worthy / dignified	释义：值得的；有尊严的（形容词）<br>核心：配得上某种评价。<br>例：* digno de respeto = 值得尊重<br>词源：拉丁 dignus。<br>记忆：👑 有价值。
percibir	👁️ perceive / receive	释义：感知；察觉；收到（动词）<br>核心：用感官或思想发现。<br>例：* percibir un olor = 闻到气味<br>词源：拉丁 percipere（获得、理解）。<br>记忆：👁️ 感受到。
ingreso	💰 income / admission	释义：收入；进入；入院（阳性名词）<br>核心：* 钱收入<br>例：* ingresos mensuales = 月收入<br>词源：拉丁 ingressus。<br>记忆：💰 进入的钱。
gozar	😊 enjoy	释义：享受；拥有（动词）<br>核心：获得快乐或享有权利。<br>例：* gozar de buena salud = 拥有健康<br>词源：来自拉丁 gaudere（欢乐）。<br>记忆：😊 享受。
placer	😄 pleasure	释义：快乐；乐趣（阳性名词）<br>核心：愉快感受。<br>例：Es un placer conocerte. = 很高兴认识你。<br>词源：拉丁 placere（使喜欢）。<br>记忆：😄 开心。
dominio	👑 domain / control	释义：控制；领域；域名（阳性名词）<br>核心：* 掌控<br>例：dominio del idioma = 语言掌握。<br>词源：拉丁 dominium（所有权）。<br>记忆：👑 掌控范围。
conforme	✅ according to / satisfied	释义：符合的；按照（形容词/介词）<br>核心：与规则或标准一致。<br>例：estar conforme con algo = 同意某事。<br>词源：con- + forma（形式）。<br>记忆：✅ 符合。
obstante	🔄 nevertheless / however	释义：然而；尽管如此（常见于 no obstante）<br>核心：转折表达。<br>例：No obstante, continuó. = 然而，他继续了。<br>词源：来自 obstar（阻碍）。<br>记忆：🔄 转折。
desprender	🍃 detach / release	释义：脱落；释放；产生（动词）<br>核心：* 从某物分离<br>例：* desprender un olor = 散发气味<br>词源：des-（分离）+ prender（抓住）。<br>记忆：🍃 脱离。
voluntad	💪 will / willpower	释义：意志；愿望（阴性名词）<br>核心：内心决定做某事的力量。<br>例：fuerza de voluntad = 意志力。<br>词源：拉丁 voluntas。<br>记忆：💪 想做并坚持。
amistad	🤝 friendship	释义：友谊；友情（阴性名词）<br>核心：人与人之间的友好关系。<br>例：una amistad verdadera = 真正的友谊。<br>词源：amigo（朋友）相关，来自拉丁 amicus。<br>记忆：🤝 朋友关系。
prometer	🤞 promise	释义：承诺；答应（动词）<br>核心：表示未来会做某事。<br>例：prometer ayudar = 承诺帮助。<br>词源：拉丁 promittere（向前送出、保证）。<br>记忆：🤞 许诺。
constar	📄 be recorded / be known	释义：存在；证明；记载（动词）<br>核心：正式表达“有记录、显示”。<br>例：* constar en un documento = 记录在文件中<br>词源：con- + stare（站立）。<br>记忆：📄 写在记录里。
ancho	↔️ wide / broad	释义：宽的；宽广的（形容词）<br>核心：横向距离大。<br>例：una calle ancha = 宽街。<br>词源：拉丁 amplus（大的）。<br>记忆：↔️ 宽。
empujar	✋ push	释义：推动；推（动词）<br>核心：用力使物体移动。<br>例：empujar una puerta = 推门。<br>词源：可能来自拉丁语相关词。<br>记忆：✋ 向前用力。
impedir	🚧 prevent / stop	释义：阻止；妨碍（动词）<br>核心：让某事无法发生。<br>例：impedir un accidente = 防止事故。<br>词源：拉丁 impedire（阻挡脚）。<br>记忆：🚧 挡住。
agregar	➕ add / add up	释义：添加；加入（动词）<br>核心：加入额外部分。<br>例：agregar información = 添加信息。<br>词源：拉丁 aggregare（聚集）。<br>记忆：➕ 加进去。
agradable	😊 pleasant / nice	释义：令人愉快的；舒服的（形容词）<br>核心：给人好感。<br>例：una persona agradable = 令人喜欢的人。<br>词源：agradar（使喜欢）+ -able。<br>记忆：😊 舒服。
estrecho	↔️ narrow / close	释义：窄的；紧密的（形容词）<br>核心：* 空间窄<br>例：* una calle estrecha = 窄街<br>词源：拉丁 strictus（紧的）。<br>记忆：↔️ 挤在一起。
aportar	📦 contribute / provide	释义：贡献；提供（动词）<br>核心：给出有价值的东西。<br>例：aportar ideas = 提供想法。<br>词源：a- + portar（带来）。<br>记忆：📦 带来东西。
agotar	🔋 exhaust / run out	释义：耗尽；用完（动词）<br>核心：资源完全消失。<br>例：* agotar las reservas = 用尽储备<br>词源：来自拉丁 exhaurire。<br>记忆：🔋 没电了。
dispuesto	✅ willing / ready	释义：准备好的；愿意的（形容词）<br>核心：有意愿做某事。<br>例：estar dispuesto a ayudar = 愿意帮忙。<br>词源：disponer（安排）。<br>记忆：✅ 准备好了。
aguantar	💪 endure / stand / tolerate	释义：忍受；坚持；支撑（动词）<br>核心：承受困难。<br>例：* aguantar el dolor = 忍受疼痛<br>词源：来自古西班牙语。<br>记忆：💪 扛住。
ubicar	📍 locate / place	释义：定位；放置；位于（动词）<br>核心：确定位置。<br>例：* ubicar una casa = 找到房子位置<br>词源：来自拉丁 ubi（哪里）。<br>记忆：📍 找位置。
sueldo	💰 salary	释义：工资（阳性名词）<br>核心：固定收入。<br>例：cobrar el sueldo = 领工资。<br>词源：来自拉丁 solidus（一种金币）。<br>记忆：💰 月收入。
suelto	🔓 loose / change	释义：松的；散开的；零钱（形容词）<br>核心：* 不固定<br>例：* pelo suelto = 散着的头发<br>词源：soltar（释放）。<br>记忆：🔓 没绑住。
grabar	🎥 record / engrave	释义：录制；刻；记录（动词）<br>核心：保存声音、图像或信息。<br>例：grabar un vídeo = 录视频。<br>词源：来自法语 graver（刻）。<br>记忆：🎥 记录下来。
puesto	📍 position / post	释义：位置；岗位；放置的（阳性名词/形容词）<br>核心：* 工作岗位<br>例：* puesto de trabajo = 工作岗位<br>词源：poner（放）的过去分词。<br>记忆：📍 放在那里。
sustituir	🔄 replace / substitute	释义：替代（动词）<br>核心：用新的代替旧的。<br>例：sustituir una pieza = 更换零件。<br>词源：拉丁 substituere。<br>记忆：🔄 换掉。
desempeñar	👔 perform / hold a position	释义：履行；担任（动词）<br>核心：执行职责。<br>例：* desempeñar un cargo = 担任职位<br>词源：des- + empeño（任务）。<br>记忆：👔 做好职责。
orilla	🌊 shore / edge	释义：边缘；岸边（阴性名词）<br>核心：* 河岸<br>例：a la orilla del mar = 海边。<br>词源：来自拉丁 ora（边缘）。<br>记忆：🌊 边上。
criar	🌱 raise / breed	释义：养育；饲养；培养（动词）<br>核心：* 养孩子<br>例：* criar hijos = 抚养孩子<br>词源：拉丁 creare（创造）。<br>记忆：🌱 培养成长。
abarcar	🤲 include / cover	释义：包含；覆盖；涉及（动词）<br>核心：范围包括。<br>例：El curso abarca muchos temas. = 课程包含很多主题。<br>词源：可能来自 a- + barco（双手环抱）。<br>记忆：🤲 把范围包住。
alegría	😄 joy / happiness	释义：快乐；喜悦（阴性名词）<br>核心：积极情绪。<br>例：lleno de alegría = 充满快乐。<br>词源：拉丁 alacer（活泼）。<br>记忆：😄 开心。
orgullo	🦁 pride	释义：骄傲；自豪（阳性名词）<br>核心：* 正面的自豪<br>例：sentir orgullo = 感到自豪。<br>词源：来自日耳曼语。<br>记忆：🦁 自豪感。
carecer	🚫 lack / be without	释义：缺少；没有（动词）<br>核心：正式表达“不具备某物”。<br>例：carecer de experiencia = 缺乏经验。<br>词源：来自拉丁 carere（缺少）。<br>记忆：🚫 没有。
agradecer	🙏 thank / appreciate	释义：感谢（动词）<br>核心：表达感激。<br>例：agradecer la ayuda = 感谢帮助。<br>词源：a- + grado（满意、喜悦）。<br>记忆：🙏 表达感谢。
arrojar	🏹 throw / produce	释义：扔；投掷；产生（动词）<br>核心：* 扔出去<br>例：* arrojar una piedra = 扔石头<br>词源：来自拉丁 rotulare（滚动）。<br>记忆：🏹 投出去。
empeñar	🔒 pawn / strive	释义：抵押；使尽力；承诺（动词）<br>核心：* 抵押物品换钱<br>例：* empeñar un reloj = 抵押手表<br>词源：来自拉丁 pignus（抵押品）。<br>记忆：🔒 押上。
otorgar	🏅 grant / award	释义：授予；给予（动词）<br>核心：正式给予权利、许可。<br>例：otorgar un premio = 授予奖项。<br>词源：来自拉丁 auctoricare。<br>记忆：🏅 授予。
polvo	🌫️ dust / powder	释义：灰尘；粉末（阳性名词）<br>核心：细小颗粒。<br>例：limpiar el polvo = 擦灰尘。<br>词源：拉丁 pulvis。<br>记忆：🌫️ 小颗粒。
enterar	💡 find out / inform	释义：得知；通知（动词，常用 enterarse de）<br>核心：获得信息。<br>例：Me enteré de la noticia. = 我得知了消息。<br>词源：entero（完整）相关，原意“使完整知道”。<br>记忆：💡 知道事情。
denominar	🏷️ name / call	释义：命名；称为（动词）<br>核心：给某事物取名称。<br>例：se denomina así = 被称为这样。<br>词源：de- + nomen（名字）。<br>记忆：🏷️ 贴名字。
proporcionar	📦 provide / supply	释义：提供；给予（动词）<br>核心：正式表达提供资源、帮助。<br>例：proporcionar información = 提供信息。<br>词源：拉丁 proportio（比例、适合）。<br>记忆：📦 提供。
apagar	💡 turn off / extinguish	释义：关闭；熄灭（动词）<br>核心：* 关灯<br>例：* apagar la luz = 关灯<br>词源：来自拉丁 pacare（使平静）。<br>记忆：💡 让光消失。
tapar	🛑 cover / block	释义：盖住；堵住（动词）<br>核心：覆盖开口。<br>例：tapar una botella = 盖瓶子。<br>词源：来自拉丁语相关词。<br>记忆：🛑 盖上。
borrar	🧽 erase / delete	释义：擦除；删除（动词）<br>核心：消除文字、痕迹。<br>例：* borrar un archivo = 删除文件<br>词源：来自 borra（羊毛废料，用于擦除）。<br>记忆：🧽 消掉。
andar	🚶 walk / work	释义：走；行走；运转（动词）<br>核心：日常“走路”。<br>例：* andar por la calle = 在街上走<br>词源：来自拉丁 ambulare。<br>记忆：🚶 走。
acabar	🏁 finish / end	释义：结束；完成；用完（动词）<br>核心：* 结束事情<br>例：Acabo de llegar. = 我刚到。<br>词源：a- + cabo（末端）。<br>记忆：🏁 到尽头。
hacia	➡️ toward / around	释义：向；朝；大约（介词）<br>核心：表示方向或时间接近。<br>例：* hacia Madrid = 朝马德里<br>词源：来自拉丁 facia（方向）。<br>记忆：➡️ 朝向。
averiguar	🔍 find out / investigate	释义：查明；弄清（动词）<br>核心：通过调查获得答案。<br>例：averiguar la verdad = 查明真相。<br>词源：来自拉丁 verificare（验证）。<br>记忆：🔍 查出来。
extrañar	😢 miss / find strange	释义：想念；感到奇怪（动词）<br>核心：* 想念某人<br>例：* Te extraño.（拉美）= 我想你。<br>词源：extraño（陌生的）。<br>记忆：😢 想念。
asustar	😱 scare / frighten	释义：吓；使害怕（动词）<br>核心：引起恐惧。<br>例：Me asustaste. = 你吓到我了。<br>词源：来自拉丁 exterritare。<br>记忆：😱 吓一跳。
remontar	📈 recover / come back	释义：追上；回升；逆流而上（动词）<br>核心：* 恢复优势<br>例：* remontar el marcador = 逆转比分<br>词源：re- + montar（上升）。<br>记忆：📈 往上追回。
pelear	⚔️ fight	释义：打架；争吵；竞争（动词）<br>核心：发生冲突。<br>例：* pelear con alguien = 和某人争吵<br>词源：来自 pelo（头发），可能与古代抓头发打架有关。<br>记忆：⚔️ 冲突。
conquistar	🏆 conquer / win	释义：征服；赢得（动词）<br>核心：* 占领<br>例：* conquistar un país = 征服国家<br>词源：拉丁 conquirere。<br>记忆：🏆 赢下来。
apretar	✊ press / squeeze	释义：压紧；握紧；挤压（动词）<br>核心：施加压力。<br>例：* apretar un botón = 按按钮<br>词源：来自拉丁 appectorare。<br>记忆：✊ 用力。
quebrar	💥 break / go bankrupt	释义：打破；破裂；破产（动词）<br>核心：* 物理破裂<br>例：* quebrar un vaso = 打碎杯子<br>词源：拉丁 crepare（破裂声）。<br>记忆：💥 断裂。
brindar	🥂 toast / offer	释义：敬酒；提供（动词）<br>核心：* 举杯祝酒<br>例：* brindar por la salud = 为健康干杯<br>词源：来自德语 bring dir（给你）。<br>记忆：🥂 举杯。
sobrellevar	🎒 endure / cope with	释义：忍受；承受（动词）<br>核心：艰难情况下继续坚持。<br>例：sobrellevar una pérdida = 承受损失。<br>词源：sobre-（超过）+ llevar（带）。<br>记忆：🎒 背着困难继续走。
asomar	👀 appear / peek out	释义：露出；探出；出现（动词）<br>核心：从隐藏处出现一点。<br>例：* asomar la cabeza = 探出头<br>词源：可能来自拉丁 summa（顶部）。<br>记忆：👀 冒出来。
frenar	🛑 brake / slow down	释义：刹车；阻止；减缓（动词）<br>核心：让速度降低。<br>例：* frenar el coche = 刹车<br>词源：freno（刹车）。<br>记忆：🛑 停下来。
engañar	🎭 deceive / fool	释义：欺骗；误导（动词）<br>核心：让别人相信错误信息。<br>例：* engañar a alguien = 欺骗某人<br>词源：来自拉丁 ingannare。<br>记忆：🎭 骗。
sembrar	🌱 sow / plant	释义：播种；种植；散播（动词）<br>核心：撒下种子，也用于抽象事物。<br>例：* sembrar trigo = 播种小麦<br>词源：拉丁 seminare（播种）。<br>记忆：🌱 撒下。
lanzar	🚀 throw / launch	释义：投掷；发射；推出（动词）<br>核心：向外释放。<br>例：* lanzar una pelota = 扔球<br>词源：来自拉丁 lanceare。<br>记忆：🚀 发出去。
inaugurar	🎉 inaugurate / open	释义：开幕；启用（动词）<br>核心：正式开始使用。<br>例：inaugurar un edificio = 启用建筑。<br>词源：拉丁 inaugurare（举行开幕仪式）。<br>记忆：🎉 开始。
ahorrar	💰 save	释义：节省；储蓄（动词）<br>核心：不浪费，留下资源。<br>例：* ahorrar dinero = 存钱<br>词源：来自阿拉伯语 hurr（自由，免除）。<br>记忆：💰 存下来。
aprovechar	🎯 take advantage of / make use of	释义：利用；充分利用（动词）<br>核心：把机会或资源用好。<br>例：aprovechar el tiempo = 利用时间。<br>词源：a- + provecho（利益）。<br>记忆：🎯 抓住机会。
ahogar	🌊 drown / suffocate	释义：淹没；使窒息；压制（动词）<br>核心：* 水中无法呼吸<br>例：* ahogarse en el agua = 溺水<br>词源：拉丁 offocare。<br>记忆：🌊 没法呼吸。
restar	➖ subtract / remain	释义：减去；剩余（动词）<br>核心：数学中的减法，也表示减少。<br>例：* restar cinco = 减五<br>词源：拉丁 restare（留下）。<br>记忆：➖ 减少。
rezar	🙏 pray	释义：祈祷（动词）<br>核心：宗教或表达愿望。<br>例：rezar una oración = 祈祷。<br>词源：拉丁 recitare（朗读）。<br>记忆：🙏 祈求。
jurar	🤞 swear	释义：发誓（动词）<br>核心：以郑重方式保证。<br>例：jurar decir la verdad = 发誓说真话。<br>词源：拉丁 jurare。<br>记忆：🤞 严肃保证。
privar	🚫 deprive	释义：剥夺；使失去（动词）<br>核心：让某人没有某物。<br>例：* privar de libertad = 剥夺自由<br>词源：拉丁 privare。<br>记忆：🚫 拿走。
redactar	✍️ write / draft	释义：撰写；起草（动词）<br>核心：正式写文件。<br>例：redactar un informe = 写报告。<br>词源：拉丁 redigere（整理）。<br>记忆：✍️ 写出来。
negar	❌ deny / refuse	释义：否认；拒绝（动词）<br>核心：说“不”。<br>例：* negar una acusación = 否认指控<br>词源：拉丁 negare。<br>记忆：❌ 不承认。
sujetar	✋ hold / fasten	释义：抓住；固定；支撑（动词）<br>核心：让东西保持位置。<br>例：* sujetar una caja = 扶住箱子<br>词源：拉丁 subiectare。<br>记忆：✋ 固定住。
disparar	🔫 shoot / soar	释义：射击；发射；猛增（动词）<br>核心：* 开枪<br>例：* disparar un arma = 开枪<br>词源：拉丁 disparare。<br>记忆：🔫 瞬间出去。
adivinar	🔮 guess	释义：猜；猜中；预言（动词）<br>核心：在不知道情况下得到答案。<br>例：adivinar la respuesta = 猜答案。<br>词源：拉丁 divinare（预言）。<br>记忆：🔮 猜测。
tragar	👄 swallow	释义：吞；忍受（动词）<br>核心：* 吞下食物<br>例：* tragar una pastilla = 吞药<br>词源：可能来自拉丁 traginare。<br>记忆：👄 咽下去。
suprimir	🗑️ suppress / remove	释义：取消；删除；消除（动词）<br>核心：让某物不存在。<br>例：* suprimir un impuesto = 取消税<br>词源：拉丁 supprimere（压下）。<br>记忆：🗑️ 去掉。
sobrar	➕ be left over / be extra	释义：剩余；多余（动词）<br>核心：比需要更多。<br>例：* sobrar comida = 食物剩下<br>词源：拉丁 superare（超过）。<br>记忆：➕ 多出来。
brotar	🌱 sprout / emerge	释义：发芽；涌出；出现（动词）<br>核心：从内部冒出来。<br>例：* brotar una planta = 植物发芽<br>词源：日耳曼语来源。<br>记忆：🌱 冒出来。
suscitar	🔥 arouse / provoke	释义：引起；激起（动词）<br>核心：使某种反应、情绪、问题出现。<br>例：suscitar interés = 引起兴趣。<br>词源：拉丁 suscitare（唤醒）。<br>记忆：🔥 引发。
agarrar	✋ grab / catch	释义：抓住；拿住（动词）<br>核心：用手牢牢抓。<br>例：* agarrar una pelota = 接住球<br>词源：可能来自日耳曼语。<br>记忆：✋ 抓紧。
agitar	🔄 shake / stir	释义：摇动；搅动；激起（动词）<br>核心：使东西移动或情绪波动。<br>例：* agitar una botella = 摇瓶子<br>词源：拉丁 agitare（驱动）。<br>记忆：🔄 摇动。
burlar	😏 mock / evade	释义：嘲笑；欺骗；躲避（动词）<br>核心：通过技巧逃过某事。<br>例：* burlarse de alguien = 嘲笑某人<br>词源：来自古西班牙语。<br>记忆：😏 捉弄。
amanecer	🌅 dawn	释义：黎明；天亮（动词/阳性名词）<br>核心：太阳升起、一天开始。<br>例：* al amanecer = 黎明时<br>词源：a- + mañana（早晨）。<br>记忆：🌅 天亮。
desplegar	🗺️ unfold / deploy	释义：展开；部署（动词）<br>核心：* 打开折叠物<br>例：* desplegar un mapa = 展开地图<br>词源：des- + plegar（折叠）。<br>记忆：🗺️ 展开。
desembocar	🌊 flow into / lead to	释义：流入；导致（动词）<br>核心：* 河流进入海洋<br>例：* El río desemboca en el mar.= 河流流入大海。<br>词源：des- + boca（嘴、出口）。<br>记忆：🌊 流向出口。
amenazar	⚠️ threaten	释义：威胁；有危险（动词）<br>核心：表示可能造成伤害。<br>例：* amenazar a alguien = 威胁某人<br>词源：来自拉丁 minacia。<br>记忆：⚠️ 危险靠近。
acostar	🛏️ lie down / go to bed	释义：使躺下；上床（动词，常用 acostarse）<br>核心：* acostarse = 睡觉，上床<br>例：Me acuesto a las once. = 我十一点睡。<br>词源：拉丁 costa（侧面、肋骨）。<br>记忆：🛏️ 躺下。
arder	🔥 burn	释义：燃烧；发热（动词）<br>核心：着火或非常热。<br>例：* El fuego arde. = 火在燃烧。<br>词源：拉丁 ardere。<br>记忆：🔥 火。
solicitar	📝 request / apply for	释义：申请；请求（动词）<br>核心：正式提出要求。<br>例：* solicitar un empleo = 申请工作<br>词源：拉丁 sollicitare（激励、请求）。<br>记忆：📝 正式申请。
penetrar	➡️ penetrate / enter	释义：进入；穿透（动词）<br>核心：从外部进入内部。<br>例：* penetrar en un lugar = 进入某地<br>词源：拉丁 penetrare。<br>记忆：➡️ 进入里面。
precipitar	⬇️ precipitate / rush	释义：使突然发生；加速；沉淀（动词）<br>核心：* 快速推动<br>例：* precipitar una decisión = 仓促决定<br>词源：拉丁 praecipitare（推下悬崖）。<br>记忆：⬇️ 快速下降。
clavar	🔨 nail / hit exactly	释义：钉入；刺入；准确做到（动词）<br>核心：* 钉子进入<br>例：* clavar un clavo = 钉钉子<br>词源：拉丁 clavus（钉子）。<br>记忆：🔨 钉进去。
atreverse	💪 dare	释义：敢于（动词）<br>核心：有勇气做困难事情。<br>例：atreverse a hablar = 敢说话。<br>词源：与 atrever 同源。<br>记忆：💪 鼓起勇气。
rogar	🙏 beg / request	释义：请求；恳求（动词）<br>核心：比 pedir 更强烈、更正式。<br>例：* rogar ayuda = 恳求帮助<br>词源：拉丁 rogare（请求）。<br>记忆：🙏 恳求。
ensayar	🎭 rehearse / test	释义：练习；试验（动词）<br>核心：* 排练<br>例：* ensayar una obra = 排练作品<br>词源：拉丁 exagium（检验）。<br>记忆：🎭 先试。
bautizar	💧 baptize / name	释义：给……洗礼；命名（动词）<br>核心：* 宗教洗礼<br>例：bautizar un barco = 给船命名。<br>词源：希腊 baptizein（浸入水中）。<br>记忆：💧 命名仪式。
alentar	💨 encourage	释义：鼓励；激励；促进（动词）<br>核心：给别人力量。<br>例：alentar a alguien = 鼓励某人。<br>词源：拉丁 halitus（气息）。<br>记忆：💨 给力量。
madrugar	🌄 get up early	释义：早起（动词）<br>核心：很早起床。<br>例：Mañana tengo que madrugar. = 明天我要早起。<br>词源：madre（早晨）相关。<br>记忆：🌄 清晨起来。
soplar	💨 blow	释义：吹；吹气（动词）<br>核心：空气流动。<br>例：* soplar una vela = 吹蜡烛<br>词源：拉丁 sufflare。<br>记忆：💨 吹。
regir	👑 rule / govern	释义：统治；支配；适用（动词）<br>核心：控制规则或制度。<br>例：* La ley rige. = 法律有效。<br>词源：拉丁 regere（统治）。<br>记忆：👑 管理。
rozar	👋 brush against / touch	释义：擦过；接触（动词）<br>核心：轻微碰到。<br>例：* rozar la pared = 擦到墙<br>词源：来自拉丁 ruptiare。<br>记忆：👋 轻轻碰。
remitir	📩 send / remit / subside	释义：寄送；转交；减轻（动词）<br>核心：* 把东西送到某处<br>例：* remitir un documento = 寄送文件<br>词源：拉丁 remittere（送回、放松）。<br>记忆：📩 送过去。
velar	👁️ watch over / guard	释义：守护；守夜；关注（动词）<br>核心：保持警惕保护某人。<br>例：* velar por la seguridad = 保障安全<br>词源：拉丁 vigilare（保持清醒）。<br>记忆：👁️ 守着。
perjudicar	⚠️ harm / damage	释义：损害；伤害（动词）<br>核心：造成不利影响。<br>例：* perjudicar la salud = 损害健康<br>词源：拉丁 praeiudicare（预先判断）。<br>记忆：⚠️ 带来坏影响。
acertar	🎯 get right / hit	释义：猜对；做对；命中（动词）<br>核心：得到正确结果。<br>例：* acertar la respuesta = 答对<br>词源：a- + cierto（正确）。<br>记忆：🎯 命中。
demorar	⏳ delay / take time	释义：延迟；花费时间（动词）<br>核心：让事情变慢。<br>例：* demorar una decisión = 延迟决定<br>词源：拉丁 demorari。<br>记忆：⏳ 拖延。
aplazar	📅 postpone	释义：延期；推迟（动词）<br>核心：把事情放到以后。<br>例：* aplazar una reunión = 推迟会议<br>词源：a- + plazo（期限）。<br>记忆：📅 往后放。
presumir	😎 presume / show off	释义：自认为；炫耀；推测（动词）<br>核心：* 认为某事是真的<br>例：* presumir de rico = 炫耀有钱<br>词源：拉丁 praesumere（预先取）。<br>记忆：😎 自信展示。
disimular	🎭 conceal / pretend	释义：掩饰；假装没看见（动词）<br>核心：隐藏真实感觉或事实。<br>例：* disimular una emoción = 掩饰情绪<br>词源：拉丁 dissimulare。<br>记忆：🎭 藏起来。
subrayar	✏️ underline / emphasize	释义：划线强调（动词）<br>核心：重点标记。<br>例：subrayar una palabra = 给单词画线。<br>词源：sub-（下面）+ raya（线）。<br>记忆：✏️ 画重点。
volcar	🔄 overturn / devote oneself	释义：翻倒；倾倒；投入（动词）<br>核心：* 翻车<br>例：* volcar un vaso = 打翻杯子<br>词源：拉丁 volvere（转动）。<br>记忆：🔄 翻过去。
pretender	🎯 intend / claim	释义：企图；打算；声称（动词）<br>核心：有目标地想做某事。<br>例：* pretender ganar = 想赢<br>词源：拉丁 praetendere（伸向前）。<br>记忆：🎯 目标。
arrebatar	⚡ snatch / seize	释义：夺走；抢走；使激动（动词）<br>核心：* 强行拿走<br>例：* arrebatar un objeto = 抢走物品<br>词源：re- + batir（击打）。<br>记忆：⚡ 突然夺取。
odiar	😡 hate	释义：憎恨（动词）<br>核心：强烈不喜欢。<br>例：odiar la mentira = 憎恨谎言。<br>词源：拉丁 odi。<br>记忆：😡 强烈讨厌。
insinuar	💬 imply / hint	释义：暗示；含蓄表达（动词）<br>核心：不直接说。<br>例：insinuar una idea = 暗示一个想法。<br>词源：拉丁 insinuare（进入内心）。<br>记忆：💬 话里有话。
fallecer	⚰️ pass away / die	释义：去世（动词）<br>核心：正式表达死亡。<br>例：El escritor falleció ayer. = 作家昨天去世。<br>词源：拉丁 fallere（失败、失去）。<br>记忆：⚰️ 正式说法。
asentar	📌 establish / settle	释义：放稳；建立；确认（动词）<br>核心：* 固定位置<br>例：* asentar una base = 建立基础<br>词源：a- + sentar（坐）。<br>记忆：📌 稳下来。
estrechar	🤝 narrow / strengthen	释义：缩小；握紧；加强（动词）<br>核心：* 变窄<br>例：* estrechar la mano = 握手<br>词源：estrecho（窄）。<br>记忆：🤝 拉近。
derrumbar	🏚️ collapse / demolish	释义：倒塌；摧毁；使崩溃（动词）<br>核心：* 建筑倒塌<br>例：* derrumbar un edificio = 推倒建筑<br>词源：de- + rumbo（方向）。<br>记忆：🏚️ 倒下。
oscilar	↔️ oscillate / fluctuate	释义：摆动；波动（动词）<br>核心：在两个状态之间变化。<br>例：* oscilar entre dos opciones = 在两个选择间摇摆<br>词源：拉丁 oscillare。<br>记忆：↔️ 来回。
recobrar	🔄 recover / regain	释义：恢复；重新获得（动词）<br>核心：失去后重新得到。<br>例：* recobrar la salud = 恢复健康<br>词源：re- + cobrar（收回）。<br>记忆：🔄 拿回来。
morder	🦷 bite	释义：咬（动词）<br>核心：用牙齿咬。<br>例：* morder una manzana = 咬苹果<br>词源：拉丁 mordere。<br>记忆：🦷 咬。
aguardar	⏳ wait for	释义：等待；期待（动词）<br>核心：比 esperar 更正式。<br>例：* aguardar una respuesta = 等待回复<br>词源：a- + guardar（保存、守候）。<br>记忆：⏳ 等着。
parir	👶 give birth	释义：生育；生产（动词）<br>核心：分娩。<br>例：* parir un hijo = 生孩子<br>词源：拉丁 parere。<br>记忆：👶 生下来。
sobrepasar	🚀 exceed / surpass	释义：超过；超越（动词）<br>核心：超过某个界限。<br>例：* sobrepasar un límite = 超过限制<br>词源：sobre-（超过）+ pasar（通过）。<br>记忆：🚀 超过。
apostar	🎲 bet	释义：下注；支持；押注（动词）<br>核心：* 赌博下注<br>例：* apostar dinero = 下注<br>词源：拉丁 apponere（放置）。<br>记忆：🎲 押上。
deslizar	🛝 slide / slip	释义：滑动；滑落；透露（动词）<br>核心：* 平滑移动<br>例：* deslizar una mano = 滑动手<br>词源：des- + ligar（连接）。<br>记忆：🛝 滑过去。
estirar	🙆 stretch	释义：拉伸；伸长（动词）<br>核心：使长度增加。<br>例：* estirar los brazos = 伸胳膊<br>词源：拉丁 strictare。<br>记忆：🙆 拉开。
fomentar	🌱 promote / encourage	释义：促进；鼓励（动词）<br>核心：让某事发展。<br>例：* fomentar la educación = 促进教育<br>词源：拉丁 fomentum（温暖、支持）。<br>记忆：🌱 促进成长。
prescindir	✂️ do without / dispense with	释义：不需要；舍弃（动词）<br>核心：没有某物也可以。<br>例：Puedo prescindir del coche. = 我可以不用车。<br>词源：拉丁 praescindere（切除）。<br>记忆：✂️ 去掉。
resaltar	✨ highlight / stand out	释义：突出；强调（动词）<br>核心：使某物明显。<br>例：* resaltar una idea = 强调观点<br>词源：re- + saltar（跳起）。<br>记忆：✨ 跳出来。
derribar	🏚️ knock down / bring down	释义：推倒；击倒（动词）<br>核心：使某物倒下。<br>例：* derribar un árbol = 砍倒树<br>词源：de- + riba（高处）。<br>记忆：🏚️ 打倒。
filtrar	🧪 filter / leak	释义：过滤；泄露（动词）<br>核心：* 通过过滤器<br>例：* filtrar agua = 过滤水<br>词源：来自法语 filtre。<br>记忆：🧪 通过筛选。
apelar	📢 appeal	释义：上诉；呼吁；诉诸（动词）<br>核心：* 法律上申请复审<br>例：* apelar una sentencia = 上诉判决<br>词源：拉丁 appellare。<br>记忆：📢 请求回应。
coser	🧵 sew	释义：缝（动词）<br>核心：用针线连接。<br>例：coser una camisa = 缝衬衫。<br>词源：拉丁 consuere。<br>记忆：🧵 缝起来。
albergar	🏠 house / harbor	释义：容纳；怀有（动词）<br>核心：* 提供住宿<br>例：* albergar turistas = 接待游客<br>词源：日耳曼语 haribergon（提供住所）。<br>记忆：🏠 容纳。
acontecer	📅 happen	释义：发生（动词）<br>核心：正式表达“发生”。<br>例：Lo que aconteció ayer... = 昨天发生的事情……<br>词源：a- + contecer（发生）。<br>记忆：📅 发生。
camuflar	🦎 camouflage	释义：伪装；掩盖（动词）<br>核心：隐藏真实外观。<br>例：* camuflarse en el bosque = 在森林中伪装<br>词源：来自法语 camoufler。<br>记忆：🦎 隐藏。
sobresalir	⭐ stand out / excel	释义：突出；胜过（动词）<br>核心：* 从表面突出<br>例：* sobresalir entre otros = 脱颖而出<br>词源：sobre-（超过）+ salir（出来）。<br>记忆：⭐ 冒出来。
alegar	⚖️ allege / argue	释义：声称；提出理由（动词）<br>核心：在正式场合说明理由。<br>例：* alegar inocencia = 声称无罪<br>词源：拉丁 allegare。<br>记忆：⚖️ 提出依据。
estrenar	🎁 debut / use for the first time	释义：首次使用；首映（动词）<br>核心：* 第一次穿/用<br>例：* estrenar ropa = 穿新衣<br>词源：拉丁 strena（礼物）。<br>记忆：🎁 第一次。
incitar	🔥 incite / encourage	释义：刺激；煽动；鼓励（动词）<br>核心：促使某人行动。<br>例：* incitar a la violencia = 煽动暴力<br>词源：拉丁 incitare。<br>记忆：🔥 推动行动。
encarnar	👤 embody	释义：体现；化身（动词）<br>核心：抽象概念变成具体代表。<br>例：* encarnar un personaje = 饰演角色<br>词源：en- + carne（肉）。<br>记忆：👤 具体化。
ratificar	✅ ratify / confirm	释义：确认；批准（动词）<br>核心：正式确认之前的决定。<br>例：ratificar un acuerdo = 批准协议。<br>词源：拉丁 ratus（确定的）+ facere（做）。<br>记忆：✅ 再确认一次。
encadenar	⛓️ chain / link	释义：连接；束缚；连续发生（动词）<br>核心：* 用链连接<br>例：* encadenar acontecimientos = 一连串事件<br>词源：en- + cadena（链）。<br>记忆：⛓️ 连起来。
paralizar	🛑 paralyze / stop	释义：使瘫痪；停止（动词）<br>核心：让行动停止。<br>例：* paralizar el tráfico = 使交通瘫痪<br>词源：希腊 paralysis。<br>记忆：🛑 动不了。
disipar	🌫️ dispel / dissipate	释义：驱散；消散（动词）<br>核心：* 消除疑虑<br>例：* disipar dudas = 消除疑问<br>词源：拉丁 dispergere。<br>记忆：🌫️ 散开。
reprochar	😠 reproach / blame	释义：责备；责怪（动词）<br>核心：因错误批评别人。<br>例：reprochar algo a alguien = 责怪某人某事。<br>词源：re- + proche（接近，指责）。<br>记忆：😠 指责。
dotar	🎁 provide / endow	释义：赋予；提供（动词）<br>核心：给某物某种能力或资源。<br>例：* dotar de recursos = 提供资源<br>词源：拉丁 dotare（赠予）。<br>记忆：🎁 赋予。
soler	🔁 usually / tend to	释义：通常；往往（动词，特殊）<br>核心：表示习惯性动作。<br>例：Suelo leer antes de dormir.= 我通常睡前读书。<br>词源：拉丁 solere（习惯）。<br>记忆：🔁 经常。
reventar	💥 burst / exhaust	释义：爆裂；累垮；搞坏（动词）<br>核心：* 爆炸<br>例：* reventar un globo = 弄爆气球<br>词源：拉丁 reventare。<br>记忆：💥 爆掉。
despojar	🚫 strip / deprive	释义：剥夺；夺走（动词）<br>核心：强行拿走拥有的东西。<br>例：* despojar a alguien de sus derechos= 剥夺某人的权利。<br>词源：拉丁 despoliare。<br>记忆：🚫 拿走。
hervir	♨️ boil	释义：沸腾；煮（动词）<br>核心：* 水沸腾<br>例：* hervir agua = 烧水<br>词源：拉丁 fervere。<br>记忆：♨️ 开水。
trepar	🧗 climb	释义：攀爬（动词）<br>核心：向上爬。<br>例：* trepar un árbol = 爬树<br>词源：可能来自拉丁 trepidare。<br>记忆：🧗 往上爬。
arrasar	🌪️ devastate / sweep	释义：摧毁；横扫；大获成功（动词）<br>核心：* 完全破坏<br>例：* arrasar una ciudad = 摧毁城市<br>词源：可能来自 ras（平整）。<br>记忆：🌪️ 全部扫过。
replicar	🔄 replicate / reply	释义：复制；回应（动词）<br>核心：* 重复制造<br>例：* replicar un experimento = 重复制实验<br>词源：拉丁 replicare（折回）。<br>记忆：🔄 再一次。
concurrir	👥 attend / coincide	释义：参加；同时发生（动词）<br>核心：* 出席活动<br>例：* concurrir a un concurso = 参加比赛<br>词源：拉丁 concurrere（一起跑）。<br>记忆：👥 一起出现。
retrasar	⏰ delay	释义：推迟；延误（动词）<br>核心：使时间变晚。<br>例：* retrasar un vuelo = 延误航班<br>词源：re- + atrás（后面）。<br>记忆：⏰ 往后。
palpar	✋ feel / palpate	释义：触摸；摸索（动词）<br>核心：用手感觉。<br>例：* palpar una herida = 检查伤口<br>词源：拉丁 palpare。<br>记忆：✋ 摸。
torcer	🔄 twist / turn	释义：扭曲；拧；转弯（动词）<br>核心：* 改变方向<br>例：* torcer el brazo = 扭胳膊<br>词源：拉丁 torquere。<br>记忆：🔄 扭。
topar	🚶 encounter / bump into	释义：碰到；遇到；撞上（动词）<br>核心：偶然接触。<br>例：* toparse con alguien = 偶遇某人<br>词源：拟声词相关。<br>记忆：🚶 撞见。
colar	🧺 strain / sneak in	释义：过滤；偷偷进入；塞入（动词）<br>核心：* 过滤液体<br>例：* colar café = 过滤咖啡<br>词源：拉丁 colare。<br>记忆：🧺 通过筛子。
ostentar	👑 hold / display	释义：拥有；炫耀（正式）（动词）<br>核心：* 持有职位<br>例：* ostentar un cargo = 担任职位<br>词源：拉丁 ostentare（展示）。<br>记忆：👑 展示。
prevalecer	🏆 prevail	释义：占优势；持续存在（动词）<br>核心：最终胜出或保持。<br>例：* prevalecer la justicia = 正义占优势<br>词源：拉丁 praevalere。<br>记忆：🏆 胜过。
contagiar	🦠 infect / spread	释义：传染；感染（动词）<br>核心：* 疾病传播<br>例：* contagiar una enfermedad = 传播疾病<br>词源：拉丁 contagium。<br>记忆：🦠 传过去。
ceñir	🔗 tighten / stick to	释义：围绕；束紧；限制（动词）<br>核心：* 环绕身体<br>例：* ceñirse a las reglas = 遵守规则<br>词源：拉丁 cingere。<br>记忆：🔗 绑住。
constatar	🔍 verify / confirm	释义：证实；确认（动词）<br>核心：通过事实确认。<br>例：constatar un hecho = 证实事实。<br>词源：con- + stare（站立）。<br>记忆：🔍 查实。
vacilar	↔️ hesitate / joke	释义：犹豫；摇摆；开玩笑（拉美）（动词）<br>核心：* 不确定<br>例：* vacilar antes de decidir = 犹豫<br>词源：拉丁 vacillare。<br>记忆：↔️ 摇摆。
liquidar	💰 liquidate / clear out	释义：清算；结束；打折出售（动词）<br>核心：* 结算<br>例：* liquidar una deuda = 清偿债务<br>词源：拉丁 liquidus（液体、清楚）。<br>记忆：💰 清掉。
devorar	🐺 devour	释义：吞食；吞噬（动词）<br>核心：快速大量吃。<br>例：devorar un libro = 狼吞虎咽地读书。<br>词源：拉丁 devorare。<br>记忆：🐺 狼吞。
aferrar	🔩 cling / hold on	释义：抓牢；坚持（动词）<br>核心：* 紧紧抓住<br>例：* aferrarse a una idea = 固守想法<br>词源：a- + hierro（铁）。<br>记忆：🔩 抓铁一样牢。
apresurar	🏃 hurry / speed up	释义：加快；催促（动词）<br>核心：让速度提高。<br>例：apresurar el paso = 加快脚步。<br>词源：a- + prisa（急）。<br>记忆：🏃 快一点。
latir	❤️ beat / throb	释义：跳动；搏动（动词）<br>核心：心脏等有规律运动。<br>例：el corazón late = 心脏跳动。<br>词源：拉丁 battuere 相关。<br>记忆：❤️ 心跳。
acariciar	🐱 caress / stroke	释义：抚摸；轻触（动词）<br>核心：温柔触摸。<br>例：acariciar un gato = 抚摸猫。<br>词源：与 cara（脸）相关。<br>记忆：🐱 温柔摸。
espantar	🐦 scare away	释义：吓跑；使害怕（动词）<br>核心：使某人离开或害怕。<br>例：espantar un pájaro = 吓走鸟。<br>词源：拉丁 expaventare。<br>记忆：🐦 吓走。
atener	📏 abide by	释义：遵守；依据（动词，常见 atenerse a）<br>核心：按照规则行动。<br>例：atenerse a la ley = 遵守法律。<br>词源：a- + tener（保持）。<br>记忆：📏 按规则。
chupar	🍭 suck	释义：吸；舔（动词）<br>核心：用嘴吸取。<br>例：chupar un caramelo = 吮糖。<br>词源：拟声词。<br>记忆：🍭 吸。
condicionar	⚙️ condition / influence	释义：限制；影响；使取决于（动词）<br>核心：形成条件。<br>例：El dinero condiciona la decisión.钱影响决定。<br>词源：condición（条件）。<br>记忆：⚙️ 受到条件影响。
indagar	🔎 investigate	释义：调查；探究（动词）<br>核心：深入寻找信息。<br>例：indagar la verdad = 调查真相。<br>词源：拉丁 indagare。<br>记忆：🔎 深挖。
rascar	✋ scratch	释义：抓；挠；刮（动词）<br>核心：用力摩擦表面。<br>例：rascarse la cabeza = 挠头。<br>词源：日耳曼语来源。<br>记忆：✋ 挠。
enredar	🕸️ tangle / involve	释义：缠绕；弄乱；卷入（动词）<br>核心：进入复杂状态。<br>例：* enredar cables = 缠绕电线<br>词源：en- + red（网）。<br>记忆：🕸️ 进入网里。
conferir	🎓 confer / grant	释义：授予；赋予；比较（动词）<br>核心：正式给予某种权利。<br>例：conferir un título = 授予学位。<br>词源：拉丁 conferre。<br>记忆：🎓 授予。
despejar	🌤️ clear / solve	释义：清除；解决；放晴（动词）<br>核心：* 清理空间<br>例：* despejar una duda = 消除疑问<br>词源：des- + pejo（障碍）。<br>记忆：🌤️ 清开。
resucitar	🌱 resurrect / revive	释义：复活；恢复（动词）<br>核心：* 死而复生<br>词源：拉丁 resuscitare。<br>记忆：🌱 再生。
sudar	💦 sweat	释义：出汗（动词）<br>核心：身体排汗。<br>例：sudar mucho = 出很多汗。<br>词源：拉丁 sudare。<br>记忆：💦 出汗。
perturbar	🌪️ disturb	释义：扰乱；使不安（动词）<br>核心：打破平静。<br>例：perturbar la paz = 扰乱和平。<br>词源：拉丁 perturbare。<br>记忆：🌪️ 搅乱。
deteriorar	📉 deteriorate	释义：恶化；损坏（动词）<br>核心：质量下降。<br>例：deteriorar la salud = 损害健康。<br>词源：拉丁 deterior（更坏）。<br>记忆：📉 变差。
vislumbrar	👀 glimpse / foresee	释义：隐约看见；预见（动词）<br>核心：看见一点点、不清楚。<br>例：vislumbrar una solución = 看到解决希望。<br>词源：ver（看）相关。<br>记忆：👀 模糊看到。
rectificar	✅ correct	释义：纠正；修改（动词）<br>核心：改正错误。<br>例：rectificar un error = 纠正错误。<br>词源：recto（正确、直）。<br>记忆：✅ 改正。
tumbar	🛏️ knock down / lie down	释义：弄倒；躺下（动词）<br>核心：* 使倒下<br>例：* tumbar un árbol = 放倒树<br>词源：拟声词。<br>记忆：🛏️ 倒下。
aflojar	🔓 loosen	释义：放松；松开（动词）<br>核心：减少紧张程度。<br>例：* aflojar un tornillo = 松螺丝<br>词源：flojo（松的）。<br>记忆：🔓 松开。
propagar	📡 spread / propagate	释义：传播；扩散（动词）<br>核心：让东西传出去。<br>例：* propagar una noticia = 传播消息<br>词源：拉丁 propagare（繁殖、扩展）。<br>记忆：📡 扩散。
