ducharse	🚿 洗淋浴；冲澡<br>例句：Voy a ducharme. 我要去洗澡<br>词源：ducha ← 法语 douche ← 拉丁 ducere（引导水流）<br>记忆：ducha=淋浴→ducharse=洗淋浴<br>英语：shower / take a shower
alegre	😊 快乐的；开朗的<br>例句：una persona alegre 一个开朗的人<br>词源：拉丁 alacer（活泼敏捷）<br>记忆：快乐有活力<br>英语：happy / cheerful
piso	👣 地板；楼层；公寓<br>例句：un piso de Madrid 马德里的一套公寓<br>词源：来自 pisar（踩踏）<br>记忆：脚踩的地方<br>英语：floor / apartment
fecha	📅 日期<br>例句：fecha de nacimiento 出生日期<br>词源：拉丁 facta（已完成的事）<br>记忆：日历上的日期<br>英语：date
extranjero	🌍 外国的；外国人<br>例句：un país extranjero 外国<br>词源：拉丁 extraneus（外来的）<br>记忆：外面的世界<br>英语：foreign / foreigner
soltero	🧍 单身的；未婚者<br>例句：estar soltero 单身<br>词源：拉丁 solutus（松开的、自由的）<br>记忆：自由状态<br>英语：single
gafas	👓 眼镜<br>例句：llevar gafas 戴眼镜<br>词源：阿拉伯语/方言，有争议<br>记忆：两片镜片<br>英语：glasses
pareja	👥 伴侣；一对；情侣<br>例句：mi pareja 我的伴侣<br>词源：拉丁 pariculus（相等一对）<br>记忆：成对出现<br>英语：partner / couple
merienda	☕ 下午点心；下午茶<br>例句：tomar la merienda 吃下午点心<br>词源：拉丁 merenda（下午餐）<br>记忆：下午补充能量<br>英语：afternoon snack
bocadillo	🥪 三明治；小吃<br>例句：bocadillo de jamón 火腿三明治<br>词源：来自 boca（嘴）<br>记忆：一口能吃的东西<br>英语：sandwich
horario	⏰ 时间表；工作时间；课程表<br>例句：horario de trabajo 工作时间<br>词源：拉丁 hora（小时）<br>记忆：时间安排<br>英语：schedule / timetable
arroba	📧 @符号<br>例句：arroba de correo 邮箱里的@<br>词源：阿拉伯 ar-rubʿ（四分之一）<br>记忆：邮箱小圈符号<br>英语：@ sign
ascensor	⬆️ 电梯<br>例句：subir en ascensor 坐电梯上楼<br>词源：拉丁 ascendere（上升）<br>记忆：向上升<br>英语：elevator / lift
garaje	🚗 车库<br>例句：aparcar en el garaje 停在车库<br>词源：法语 garage<br>记忆：停车的房间<br>英语：garage
armario	👔 衣柜；柜子<br>例句：armario de ropa 衣柜<br>词源：拉丁 armarium（储藏柜）<br>记忆：放东西的大柜子<br>英语：wardrobe / cabinet
estantería	📚 书架；架子<br>例句：una estantería llena de libros 摆满书的书架<br>词源：来自 estante（架子）<br>记忆：放书的架子<br>英语：shelf / bookcase
ducha	🚿 淋浴；淋浴器<br>例句：tomar una ducha 洗澡<br>词源：法语 douche<br>记忆：水流冲洗<br>英语：shower
garganta	🗣️ 喉咙；咽喉<br>例句：dolor de garganta 喉咙痛<br>词源：拉丁 gurges（喉）<br>记忆：说话吞咽的位置<br>英语：throat
oído	👂 耳朵；听觉<br>例句：tener buen oído 听力好<br>词源：来自 oír（拉丁 audire）<br>记忆：用来听的器官<br>英语：ear / hearing
afeitarse	🪒 刮胡子；剃毛<br>例句：afeitarse la barba 刮胡子<br>词源：来自 afeite（修饰）<br>记忆：刀片修整毛发<br>英语：shave
peinarse	💇 梳头<br>例句：peinarse el pelo 梳头<br>词源：来自 peine（梳子）<br>记忆：梳子整理头发<br>英语：comb one's hair
paraguas	☔ 雨伞<br>例句：llevar un paraguas 带伞<br>词源：para+aguas（挡水）<br>记忆：防水<br>英语：umbrella
socio	🤝 伙伴；合伙人；会员<br>例句：socio de una empresa 公司合伙人<br>词源：拉丁 socius（伙伴）<br>记忆：一起做事的人<br>英语：partner / member
infusión	🍵 冲泡饮品；浸泡液<br>例句：una infusión de manzanilla 洋甘菊茶<br>词源：拉丁 infundere（浸泡）<br>记忆：热水浸泡<br>英语：herbal tea / infusion
ajo	🧄 大蒜<br>例句：pan con ajo 蒜味面包<br>词源：拉丁 allium<br>记忆：蒜头<br>英语：garlic
cebolla	🧅 洋葱<br>例句：sopa de cebolla 洋葱汤<br>词源：拉丁 cepulla<br>记忆：一层一层剥开<br>英语：onion
perejil	🌿 欧芹；香菜类调味草<br>例句：perejil fresco 新鲜欧芹<br>词源：拉丁 petroselinum<br>记忆：绿色香草<br>英语：parsley
merluza	🐟 鳕鱼；无须鳕<br>例句：merluza al horno 烤鳕鱼<br>词源：拉丁相关鱼类名<br>记忆：白肉海鱼<br>英语：hake
sardina	🐟 沙丁鱼<br>例句：sardinas en lata 罐头沙丁鱼<br>词源：与撒丁岛 Sardinia 有关<br>记忆：小鱼罐头<br>英语：sardine
gambas	🦐 虾<br>例句：gambas al ajillo 蒜香虾<br>词源：拉丁 camba（腿）<br>记忆：西班牙海鲜<br>英语：prawns / shrimp
galletas	🍪 饼干<br>例句：galletas de chocolate 巧克力饼干<br>词源：法语 galette（薄饼）<br>记忆：小点心<br>英语：cookies / biscuits
cereales	🌾 谷物；麦片<br>例句：cereales con leche 牛奶麦片<br>词源：拉丁 Ceres（谷物女神）<br>记忆：谷物<br>英语：cereals / grains
receta	📖 食谱；处方<br>例句：receta de cocina 菜谱<br>词源：拉丁 recipere（接收）<br>记忆：做菜或治病的方法<br>英语：recipe / prescription
filete	🥩 肉片；牛排；鱼片<br>例句：filete de ternera 小牛排<br>词源：法语 filet<br>记忆：切好的肉片<br>英语：steak / fillet
aperitivo	🍷 开胃小吃；餐前酒<br>例句：tomar un aperitivo 吃点开胃小食<br>词源：拉丁 aperire（打开胃口）<br>记忆：开饭前的小东西<br>英语：appetizer / aperitif
servilleta	🍽️ 餐巾纸；餐巾<br>例句：una servilleta de papel 纸巾<br>词源：来自 siervo（仆人）<br>记忆：餐桌擦拭用品<br>英语：napkin
colegio	🏫 学校<br>例句：ir al colegio 上学<br>词源：拉丁 collegium（团体）<br>记忆：学习场所<br>英语：school
matrícula escolar	📝 学校注册；学籍登记<br>例句：hacer la matrícula 办理入学注册<br>词源：拉丁 matricula（名册）<br>记忆：登记入学<br>英语：school enrollment
hoja	🍃 叶子；纸张；页<br>例句：una hoja de papel 一张纸<br>词源：拉丁 folia（叶子）<br>记忆：叶子像纸张<br>英语：leaf / sheet / page
corbata	👔 领带<br>例句：llevar corbata 打领带<br>词源：法语 cravate（克罗地亚人）<br>记忆：西装配件<br>英语：tie
jubilado	🎉 退休的；退休人员<br>例句：un hombre jubilado 退休男性<br>词源：拉丁 iubilare（欢呼）<br>记忆：退休后的生活<br>英语：retired / pensioner
gimnasio	💪 健身房；体育馆<br>例句：ir al gimnasio 去健身房<br>词源：希腊 gymnasion（锻炼场所）<br>记忆：锻炼身体<br>英语：gym
ajedrez	♟️ 国际象棋<br>例句：jugar al ajedrez 下国际象棋<br>词源：阿拉伯 aš-šaṭranǧ<br>记忆：棋盘游戏<br>英语：chess
mandar	📩 命令；派遣；发送<br>例句：mandar un mensaje 发消息<br>词源：拉丁 mandare（委托）<br>记忆：发出指令<br>英语：order / send
alojamiento	🏨 住宿；住所<br>例句：buscar alojamiento 找住宿<br>词源：来自 alojar（安置）<br>记忆：旅行住处<br>英语：accommodation
chalé	🏡 独栋别墅<br>例句：un chalé con jardín 带花园的别墅<br>词源：法语 chalet<br>记忆：郊区别墅<br>英语：chalet / villa
suelo	👣 地面；地板；土壤<br>例句：el suelo de la casa 房子的地板<br>词源：拉丁 solum（地面）<br>记忆：脚踩的地方<br>英语：floor / ground / soil
amueblado	🪑 带家具的<br>例句：piso amueblado 带家具公寓<br>词源：来自 mueble（家具）<br>记忆：有家具<br>英语：furnished
nevera	❄️ 冰箱<br>例句：abrir la nevera 打开冰箱<br>词源：来自 nieve（雪）<br>记忆：保持冷<br>英语：fridge
lavadora	👕 洗衣机<br>例句：poner la lavadora 开洗衣机<br>词源：lavar+ -dora<br>记忆：洗衣工具<br>英语：washing machine
lavaplatos	🍽️ 洗碗机；洗碗池<br>例句：meter los platos en el lavaplatos<br>词源：lavar+platos<br>记忆：洗盘子的机器<br>英语：dishwasher
microondas	📡 微波炉<br>例句：calentar en el microondas 用微波炉加热<br>词源：micro+ondas（微波）<br>记忆：微小电磁波<br>英语：microwave
moneda	🪙 硬币；货币<br>例句：cambiar moneda 换钱<br>词源：拉丁 moneta（铸币厂）<br>记忆：钱币<br>英语：coin / currency
cajero	💳 收银员；提款机<br>例句：sacar dinero del cajero 从ATM取钱<br>词源：caja+ -ero<br>记忆：处理现金<br>英语：cashier / ATM
comisaría	👮 警察局<br>例句：ir a la comisaría 去警察局<br>词源：来自 comisario（警官）<br>记忆：警察办事地点<br>英语：police station
papelería	✏️ 文具店；纸品店<br>例句：comprar en la papelería 在文具店买东西<br>词源：papel+ -ería<br>记忆：纸和文具<br>英语：stationery shop
peluquería	💇 理发店<br>例句：ir a la peluquería 去理发店<br>词源：pelo+ -ería<br>记忆：剪头发的地方<br>英语：hairdresser / salon
frutería	🍎 水果店<br>词源：fruta+ -ería<br>记忆：买水果<br>英语：fruit shop
carnicería	🥩 肉店<br>词源：carne+ -ería<br>记忆：肉铺<br>英语：butcher shop
panadería	🍞 面包店<br>词源：pan+ -ería<br>记忆：面包店<br>英语：bakery
sujetador	支撑固定<br>胸罩<br>词源：sujetar（固定）<br>记忆：支撑固定<br>英语：bra
bragas	👙 女内裤<br>词源：拉丁 bracae（裤子）<br>记忆：内衣<br>英语：panties
calzoncillos	男士内裤<br>词源：calzón（短裤）<br>记忆：男士内裤<br>英语：underpants
calcetines	🧦 袜子<br>词源：calza（袜类）<br>记忆：脚部衣物<br>英语：socks
bañador	🏊 泳衣；泳裤<br>词源：bañar+ -dor<br>记忆：游泳装备<br>英语：swimsuit
probador	👕 试衣间；测试者<br>词源：probar（试）<br>记忆：试衣服<br>英语：fitting room
propina	💰 小费<br>例句：dejar propina 留小费<br>词源：希腊 propínein（赠送）<br>记忆：额外奖励<br>英语：tip
IVA	🧾 增值税<br>词源：Impuesto sobre el Valor Añadido 缩写<br>记忆：消费税<br>英语：VAT (value-added tax)
tos	😷 咳嗽<br>例句：tener tos 咳嗽<br>词源：拉丁拟声词<br>记忆：咳嗽声<br>英语：cough
cepillo	🪥 刷子；牙刷<br>例句：cepillo de dientes 牙刷<br>词源：cepa（柄）相关<br>记忆：刷东西<br>英语：brush
desodorante	🌿 除臭剂<br>词源：des-（去除）+olor（气味）<br>记忆：去掉臭味<br>英语：deodorant
ciclista	🚴 骑自行车的人<br>词源：ciclo（车轮）+ -ista<br>记忆：骑车的人<br>英语：cyclist
azafata	✈️ 空姐；女乘务员<br>词源：阿拉伯 as-safṭa（托盘）<br>记忆：飞机服务人员<br>英语：flight attendant
informático	💻 计算机的；IT人员<br>例句：ingeniero informático 计算机工程师<br>词源：informática（信息技术）<br>记忆：信息技术<br>英语：IT specialist
portátil	🎒 便携的；笔记本电脑<br>例句：ordenador portátil 笔记本电脑<br>词源：拉丁 portare（携带）<br>记忆：可以带走<br>英语：laptop / portable
cuello	🧣 脖子；衣领；颈部<br>例句：dolor de cuello 脖子疼<br>词源：拉丁 collum（颈部）<br>记忆：脖子和衣领<br>英语：neck / collar
pecho	❤️ 胸部；胸口<br>例句：dolor en el pecho 胸痛<br>词源：拉丁 pectus（胸膛）<br>记忆：心脏所在的位置<br>英语：chest / breast
tobillo	🦶 脚踝<br>例句：torcerse el tobillo 扭伤脚踝<br>词源：拉丁 tubellus（小管状物）<br>记忆：脚和腿连接处<br>英语：ankle
mirada	👀 目光；眼神；注视<br>例句：una mirada triste 悲伤的眼神<br>词源：来自 mirar（看）<br>记忆：眼睛传递的信息<br>英语：look / gaze
introvertido	🌱 内向的<br>例句：una persona introvertida 内向的人<br>词源：intro+vertere（转向）<br>记忆：能量向内<br>英语：introverted
vago	😴 懒惰的；模糊的；游手好闲的人<br>例句：un estudiante vago 懒学生<br>词源：拉丁 vagus（漫游的）<br>记忆：不想行动<br>英语：lazy / vague
travieso	😈 淘气的；调皮的<br>例句：un niño travieso 淘气的小孩<br>词源：与 través（穿过）有关<br>记忆：调皮捣蛋<br>英语：naughty / mischievous
arrogante	👑 傲慢的；自大的<br>例句：un hombre arrogante 傲慢的人<br>词源：拉丁 arrogare（擅自占有）<br>记忆：过度自信<br>英语：arrogant
portarse	👤 表现；举止<br>例句：portarse bien 表现好<br>词源：来自 portar（承担）<br>记忆：表现出来的行为<br>英语：behave
tratar	🤝 对待；处理；尝试<br>例句：tratar bien a alguien 善待某人<br>词源：拉丁 tractare（处理）<br>记忆：怎么对待处理<br>英语：treat / deal with / try
varón	👨 男性；男子<br>例句：sexo varón 男性<br>词源：拉丁 varo（强壮男子）<br>记忆：男性<br>英语：male / man
hembra	♀️ 雌性；女性<br>例句：una hembra de león 一头母狮<br>词源：拉丁 femina（女性）<br>记忆：雌性<br>英语：female
burocracia	📄 官僚制度；繁琐手续<br>例句：demasiada burocracia 太多繁琐手续<br>词源：bureau+ kratos（权力）<br>记忆：文件流程<br>英语：bureaucracy
pendientes	✨ 耳环；待处理事项<br>例句：unos pendientes de oro 金耳环<br>词源：来自 pender（悬挂）<br>记忆：挂在耳朵上的东西<br>英语：earrings / pending matters
pulsera	⌚ 手链；手镯<br>例句：una pulsera de plata 银手链<br>词源：来自 pulso（手腕）<br>记忆：手腕上的饰品<br>英语：bracelet
abrazarse	🤗 拥抱彼此<br>例句：se abrazaron al verse 见面时拥抱<br>词源：来自 brazo（手臂）<br>记忆：用手臂抱住<br>英语：hug / embrace
besarse	💋 接吻<br>例句：besarse en la mejilla 亲吻脸颊<br>词源：拉丁 basium（吻）<br>记忆：亲吻<br>英语：kiss
ligar	💘 搭讪；泡妞；建立联系<br>例句：ligar con alguien 和某人搭讪<br>词源：拉丁 ligare（绑连接）<br>记忆：建立连接<br>英语：flirt / hook up
calorías	🔥 卡路里；热量<br>例句：contar calorías 计算卡路里<br>词源：拉丁 calor（热）<br>记忆：热量单位<br>英语：calories
borracho	🍷 醉的；醉汉<br>例句：estar borracho 喝醉了<br>词源：来自葡萄酒皮袋 bota 相关<br>记忆：酒精影响状态<br>英语：drunk / drunkard
resaca	🌊 宿醉；余波<br>例句：tener resaca 宿醉<br>词源：海浪退去后的回流<br>记忆：退潮后的余波<br>英语：hangover / aftermath
marisco	🌊 海鲜<br>例句：marisco fresco 新鲜海鲜<br>词源：拉丁 mare（海）<br>记忆：海里的食物<br>英语：seafood / shellfish
embutido	🌭 腌制肉肠；香肠类<br>例句：embutido español 西班牙腌肉制品<br>词源：来自 embutir（填入）<br>记忆：肉塞进肠衣<br>英语：cured sausage / cold cuts
berenjena	🍆 茄子<br>词源：阿拉伯 bāḏinǧāna<br>记忆：紫色蔬菜<br>英语：eggplant / aubergine
calabacín	🥒 西葫芦<br>词源：来自 calabaza（南瓜）<br>记忆：小南瓜<br>英语：zucchini / courgette
espinacas	🥬 菠菜<br>词源：阿拉伯 isfānāḫ<br>记忆：绿叶菜<br>英语：spinach
guisantes	🟢 豌豆<br>词源：拉丁相关植物名<br>记忆：小绿豆<br>英语：peas
lentejas	🫘 扁豆<br>词源：拉丁 lens lentis<br>记忆：豆类<br>英语：lentils
judías	🫘 豆子；菜豆<br>例句：judías verdes 四季豆<br>词源：与 judío 同形来源<br>记忆：豆子<br>英语：beans
garbanzos	🫘 鹰嘴豆<br>词源：古西班牙语<br>记忆：鹰嘴豆<br>英语：chickpeas
bizcocho	🍰 蛋糕；海绵蛋糕<br>词源：拉丁 bis coctus（烤两次）<br>记忆：松软蛋糕<br>英语：sponge cake
magdalena	🧁 玛德琳蛋糕；小蛋糕<br>词源：法语 madeleine<br>记忆：早餐甜点<br>英语：madeleine / cupcake
costilla	🥩 肋骨；排骨<br>例句：costillas de cerdo 猪排骨<br>词源：来自 costado（侧面）<br>记忆：排骨<br>英语：rib
chuleta	🥩 肉排；猪排<br>词源：法语 chuleta<br>记忆：带骨肉排<br>英语：chop / cutlet
pechuga	🍗 胸肉<br>词源：来自 pecho（胸部）<br>记忆：鸡胸肉<br>英语：breast (meat)
solomillo	🥩 里脊肉<br>词源：solo+lomo（背部肉）<br>记忆：嫩肉部位<br>英语：tenderloin / fillet
cáscara	🥚 外壳；果皮<br>例句：cáscara de huevo 蛋壳<br>词源：拉丁相关词<br>记忆：外面的壳<br>英语：shell / peel
amargo	☕ 苦的<br>例句：café amargo 苦咖啡<br>词源：拉丁 amarus<br>记忆：苦味<br>英语：bitter
soso	😐 淡的；没味道的<br>例句：La sopa está sosa. 汤很淡<br>词源：拉丁 salsus 演变<br>记忆：没味道<br>英语：bland / tasteless
cocer	🍲 煮；烹煮<br>例句：cocer arroz 煮饭<br>词源：拉丁 coquere（煮）<br>记忆：水煮<br>英语：cook / boil
asar	🔥 烤；烧烤<br>例句：asar carne 烤肉<br>词源：拉丁 assare<br>记忆：烤制<br>英语：roast / grill
freír	🍟 油炸<br>例句：freír patatas 炸土豆<br>词源：拉丁 frigere<br>记忆：油炸<br>英语：fry
condimentar	🧂 调味<br>例句：condimentar la carne 给肉调味<br>词源：拉丁 condimentum（调味品）<br>记忆：加调料<br>英语：season
aliñar	🥗 调味；拌沙拉<br>例句：aliñar una ensalada 拌沙拉<br>词源：拉丁 lineare 演变<br>记忆：拌沙拉<br>英语：dress / season
quemarse	🔥 烧伤；烧焦<br>例句：quemarse la mano 烫伤手<br>词源：拉丁 cremare<br>记忆：变热受伤<br>英语：burn
guardería	👶 托儿所；幼儿园<br>词源：guardar+ -ería<br>记忆：看护孩子<br>英语：nursery / daycare
beca	🎓 奖学金<br>例句：tener una beca 获得奖学金<br>词源：拉丁 beccus 相关<br>记忆：学费支持<br>英语：scholarship
carrera	🏃 赛跑；职业；大学专业<br>例句：estudiar una carrera 读大学专业<br>词源：来自 carro（车）<br>记忆：人生道路<br>英语：race / career / degree
folio	📄 纸张；页；文件页<br>例句：un folio de papel 一张纸<br>词源：拉丁 folium（叶子）<br>记忆：像叶子一样的一页纸<br>英语：sheet of paper / page
sueldo	💰 工资；薪水<br>例句：cobrar el sueldo 领取工资<br>词源：拉丁 solidus（古罗马金币）<br>记忆：工作换来的钱<br>英语：salary / wage
huelga	✊ 罢工；停止工作<br>例句：estar en huelga 罢工<br>词源：来自 holgar（休息）<br>记忆：停工抗议<br>英语：strike
bricolaje	🔨 DIY；家庭修理<br>例句：hacer bricolaje 做DIY<br>词源：法语 bricolage<br>记忆：自己动手<br>英语：DIY / home improvement
asiento	🪑 座位；坐席<br>例句：tomar asiento 请坐<br>词源：来自 sentar（拉丁 sedere）<br>记忆：坐下的位置<br>英语：seat
fila	🚶 队伍；排；行<br>例句：hacer fila 排队<br>词源：日耳曼语 fila（线队列）<br>记忆：一排人<br>英语：line / row / queue
árbitro	⚽ 裁判<br>例句：el árbitro del partido 比赛裁判<br>词源：拉丁 arbiter（仲裁者）<br>记忆：判定比赛<br>英语：referee / umpire
perdedor	❌ 失败者；输家<br>例句：el equipo perdedor 输掉的队伍<br>词源：perder+ -dor<br>记忆：输掉的人<br>英语：loser
dado	🎲 骰子<br>例句：tirar los dados 掷骰子<br>词源：拉丁 datum（投出的东西）<br>记忆：游戏骰子<br>英语：die / dice
ficha	🃏 棋子；卡片；资料表<br>例句：ficha de estudiante 学生档案卡<br>词源：法语 fiche<br>记忆：小卡片或棋子<br>英语：token / card / record
locutor	🎙️ 播音员；主持人<br>例句：locutor de radio 电台播音员<br>词源：拉丁 loqui（说话）<br>记忆：负责说话的人<br>英语：announcer / broadcaster
capítulo	📖 章节；一集<br>例句：el primer capítulo 第一章<br>词源：拉丁 capitulum（分段）<br>记忆：一部分内容<br>英语：chapter / episode
contraseña	🔑 密码；暗号<br>例句：introducir la contraseña 输入密码<br>词源：contra+seña（标记）<br>记忆：进入系统的钥匙<br>英语：password
mudanza	📦 搬家；搬迁<br>例句：hacer una mudanza 搬家<br>词源：来自 mudar（改变）<br>记忆：改变住所<br>英语：move / relocation
fregar	🧽 擦洗；洗碗<br>例句：fregar los platos 洗盘子<br>词源：拉丁 fricare（摩擦）<br>记忆：摩擦清洁<br>英语：wash / scrub
barrer	🧹 扫；清扫<br>例句：barrer el suelo 扫地<br>词源：拉丁 verrere（扫）<br>记忆：扫地<br>英语：sweep
cortina	🪟 窗帘；幕布<br>例句：cerrar la cortina 拉窗帘<br>词源：拉丁 cortina<br>记忆：窗边布<br>英语：curtain
espejo	🪞 镜子<br>例句：mirarse en el espejo 照镜子<br>词源：拉丁 speculum<br>记忆：看见自己<br>英语：mirror
congelador	❄️ 冷冻柜；冰箱冷冻层<br>词源：congelar+ -dor<br>记忆：冻起来<br>英语：freezer
estropeado	⚠️ 坏掉的；损坏的<br>例句：un móvil estropeado 坏掉的手机<br>词源：来自 estropear<br>记忆：出故障<br>英语：broken / damaged
buzón	📮 邮箱；信箱<br>例句：buzón de correo 邮箱<br>词源：与 buza（开口）相关<br>记忆：投信的箱子<br>英语：mailbox
ladrón	🥷 小偷；盗贼<br>例句：un ladrón de bancos 银行劫匪<br>词源：拉丁 latro（强盗）<br>记忆：偷东西的人<br>英语：thief
semáforo	🚦 红绿灯；信号灯<br>例句：cruzar cuando está verde 绿灯过马路<br>词源：希腊 sema+phoros<br>记忆：交通信号<br>英语：traffic light
lana	🐑 羊毛<br>例句：un jersey de lana 羊毛毛衣<br>词源：拉丁 lana<br>记忆：羊身上的毛<br>英语：wool
algodón	☁️ 棉花<br>例句：camisa de algodón 棉衬衫<br>词源：阿拉伯 al-quṭn<br>记忆：柔软纤维<br>英语：cotton
cuadros	🖼️ 格子；画；方格<br>例句：camisa de cuadros 格子衬衫<br>词源：来自 cuadro（方形画）<br>记忆：方形图案<br>英语：pictures / checks / squares
carrito	🛒 小车；购物车；推车<br>例句：carrito de la compra 购物车<br>词源：carro+ -ito<br>记忆：小车<br>英语：cart / trolley
cesta	🧺 篮子；筐<br>例句：cesta de mimbre 柳条篮<br>词源：拉丁 cista（箱子篮子）<br>记忆：装东西的篮子<br>英语：basket
adelgazar	⚖️ 变瘦；减肥<br>例句：quiero adelgazar 我想减肥<br>词源：来自 delgado（瘦的）<br>记忆：变瘦<br>英语：lose weight / slim down
tirita	🩹 创可贴<br>例句：ponerse una tirita 贴创可贴<br>词源：西班牙品牌名<br>记忆：小伤口保护<br>英语：plaster / band-aid
equipaje	🧳 行李<br>例句：facturar el equipaje 托运行李<br>词源：法语 équipage<br>记忆：出行带的东西<br>英语：luggage / baggage
vacuna	💉 疫苗<br>例句：ponerse una vacuna 打疫苗<br>词源：拉丁 vacca（牛）<br>记忆：预防疾病<br>英语：vaccine
sombrilla	☀️ 遮阳伞<br>词源：sombra+ -illa<br>记忆：制造阴影<br>英语：parasol / beach umbrella
buceador	🤿 潜水员<br>例句：un buceador profesional 专业潜水员<br>词源：来自 bucear<br>记忆：水下探索<br>英语：diver
orilla	🌊 岸边；边缘<br>例句：a la orilla del mar 在海边<br>词源：拉丁 ora（边缘）<br>记忆：水的边<br>英语：shore / edge
escalador	🧗 攀登者<br>词源：escalar+ -dor<br>记忆：向上攀爬<br>英语：climber
conserje	🏢 门卫；管理员<br>例句：el conserje del hotel 酒店管理员<br>词源：法语 concierge<br>记忆：管理楼房的人<br>英语：concierge / caretaker
saco de dormir	🏕️ 睡袋<br>词源：saco+ dormir<br>记忆：睡觉的大袋子<br>英语：sleeping bag
manta	🛌 毯子<br>例句：una manta de lana 羊毛毯<br>词源：拉丁 mantum（覆盖物）<br>记忆：盖在身上的东西<br>英语：blanket
carril	🚗 车道；轨道；泳道<br>例句：carril de bicicletas 自行车道<br>词源：来自 carro（车）<br>记忆：行驶路线<br>英语：lane / track
atasco	🚗🚗 堵塞；交通堵车<br>例句：hay un atasco 堵车了<br>词源：来自 atascar<br>记忆：动不了<br>英语：traffic jam / blockage
andén	🚉 站台<br>例句：esperar en el andén 在站台等<br>词源：阿拉伯语相关<br>记忆：等车的平台<br>英语：platform
despegar	✈️ 起飞；分离<br>例句：el avión despega 飞机起飞<br>词源：des-+pegar（粘）<br>记忆：从地面脱离<br>英语：take off / detach
aterrizar	✈️ 降落；着陆<br>词源：a-+tierra（土地）<br>记忆：回到地面<br>英语：land
hipoteca	🏠 抵押贷款；房贷<br>例句：pagar la hipoteca 还房贷<br>词源：希腊 hypothéke（抵押物）<br>记忆：房子贷款<br>英语：mortgage
cartel	📌 海报；告示；招牌<br>例句：un cartel de cine 电影海报<br>词源：意大利 cartello<br>记忆：墙上的宣传<br>英语：poster / sign
folleto	📄 小册子；宣传单<br>例句：un folleto turístico 旅游宣传册<br>词源：来自 folio（纸页）<br>记忆：小型宣传资料<br>英语：brochure / leaflet
mejilla	😊 脸颊<br>例句：un beso en la mejilla 脸颊上的吻<br>词源：拉丁 maxilla（下颌）<br>记忆：脸蛋<br>英语：cheek
barbilla	👇 下巴<br>例句：tener barba en la barbilla 下巴上有胡子<br>词源：来自 barba（胡须）<br>记忆：嘴下面的位置<br>英语：chin
ceja	👀 眉毛<br>例句：levantar las cejas 挑眉<br>词源：拉丁 cilium（睫毛眉毛）<br>记忆：眼睛上方<br>英语：eyebrow
pestaña	👁️ 睫毛<br>例句：pestañas largas 长睫毛<br>词源：拉丁 pestanea<br>记忆：眼睛的小保护<br>英语：eyelash
cana	⚪ 白发；银发<br>例句：tener canas 有白头发<br>词源：拉丁 canus（白色）<br>记忆：变白的头发<br>英语：gray hair
ciego	🚫👀 失明的；盲人<br>例句：una persona ciega 盲人<br>词源：拉丁 caecus（瞎的）<br>记忆：看不见<br>英语：blind
sordo	🚫👂 聋的；聋人<br>例句：un hombre sordo 聋人<br>词源：拉丁 surdus（聋的）<br>记忆：听不见<br>英语：deaf
mudo	🤐 哑的；不会说话的<br>例句：quedarse mudo 说不出话<br>词源：拉丁 mutus（无声的）<br>记忆：没有声音<br>英语：mute / dumb
lágrima	😢 眼泪<br>例句：una lágrima de alegría 喜悦的眼泪<br>词源：拉丁 lacrima<br>记忆：眼中的水<br>英语：tear
tumbarse	🛏️ 躺下；倒下<br>例句：tumbarse en la cama 躺在床上<br>词源：来自 tumba（倒下的位置）<br>记忆：身体倒下<br>英语：lie down
tirarse	🏊 跳下；扔自己；躺下<br>例句：tirarse al agua 跳入水中<br>词源：来自 tirar（扔投）<br>记忆：投入某处<br>英语：jump / throw oneself
estornudar	🤧 打喷嚏<br>例句：estornudar mucho 经常打喷嚏<br>词源：拉丁 sternutare<br>记忆：阿嚏<br>英语：sneeze
callado	🤫 安静的；沉默的<br>例句：estar callado 保持沉默<br>词源：来自 callar（沉默）<br>记忆：不讲话<br>英语：quiet / silent
cobarde	😨 胆小的；懦弱的人<br>例句：un acto cobarde 懦弱的行为<br>词源：法语 couard<br>记忆：害怕面对<br>英语：coward / cowardly
tacaño	💰 小气的；吝啬的<br>例句：un hombre tacaño 小气的人<br>词源：古西班牙语<br>记忆：舍不得花钱<br>英语：stingy / mean
envejecer	⏳ 变老；老化<br>例句：envejecer con salud 健康老去<br>词源：en-+viejo（老）<br>记忆：时间带来的变化<br>英语：age / grow old
lentillas	👁️ 隐形眼镜<br>例句：llevar lentillas 戴隐形眼镜<br>词源：来自 lente（镜片）<br>记忆：小镜片<br>英语：contact lenses
cónyuge	💍 配偶<br>例句：mi cónyuge 我的配偶<br>词源：拉丁 coniux（伴侣）<br>记忆：婚姻伴侣<br>英语：spouse
cuñado	👨 姐夫；妹夫；小舅子<br>词源：拉丁 cognatus（有亲属关系）<br>记忆：婚姻关系中的兄弟<br>英语：brother-in-law
suegro	👴 岳父；公公<br>例句：mi suegro 我的岳父<br>词源：拉丁 socer（岳父）<br>记忆：配偶的父亲<br>英语：father-in-law
nuera	👩 儿媳<br>例句：mi nuera 我的儿媳<br>词源：拉丁 nurus（儿媳）<br>记忆：儿子的妻子<br>英语：daughter-in-law
yerno	👨 女婿<br>例句：mi yerno 我的女婿<br>词源：拉丁 gener<br>记忆：女儿的丈夫<br>英语：son-in-law
bisabuelo	👴 曾祖父；太爷爷<br>词源：bi-+abuelo<br>记忆：再上一代祖父<br>英语：great-grandfather
mellizos	👶👶 双胞胎（异卵）<br>例句：hermanos mellizos 双胞胎兄弟<br>词源：拉丁 gemellus（双生）<br>记忆：两个一起出生<br>英语：fraternal twins
reñir	😠 责骂；争吵<br>例句：reñir a un niño 批评孩子<br>词源：拉丁 ringere（争斗）<br>记忆：发生冲突<br>英语：scold / argue
pelearse	👊 打架；争吵<br>例句：pelearse con alguien 和某人吵架<br>词源：来自 pelo（头发）<br>记忆：冲突<br>英语：fight / argue
heredar	🏠 继承<br>例句：heredar una casa 继承房子<br>词源：拉丁 hereditare<br>记忆：从上一代获得<br>英语：inherit
testamento	📜 遗嘱<br>例句：hacer testamento 立遗嘱<br>词源：拉丁 testamentum<br>记忆：身后安排<br>英语：will / testament
casualidad	🎲 偶然；巧合<br>例句：por casualidad 偶然地<br>词源：拉丁 casus（发生）<br>记忆：巧合<br>英语：chance / coincidence
bautizo	💧 洗礼；受洗仪式<br>词源：希腊 baptizein（浸入水中）<br>记忆：宗教仪式<br>英语：baptism
comunión	⛪ 圣餐；第一次圣餐<br>例句：hacer la primera comunión<br>词源：拉丁 communio（联合）<br>记忆：宗教仪式<br>英语：communion
santo	✨ 圣人；神圣的<br>例句：Día de Santo 名字节<br>词源：拉丁 sanctus<br>记忆：神圣<br>英语：saint / holy
refresco	🥤 饮料；汽水<br>例句：tomar un refresco 喝饮料<br>词源：re-+fresco（凉爽）<br>记忆：解渴<br>英语：soft drink / refreshment
licor	🍸 烈酒；酒类<br>词源：拉丁 liquor（液体）<br>记忆：酒<br>英语：liquor / liqueur
pudrirse	🍎 腐烂<br>例句：La fruta se pudre. 水果腐烂<br>词源：拉丁 putrere<br>记忆：变坏<br>英语：rot / decay
ayunar	🍽️ 禁食；斋戒<br>词源：拉丁 ieiunare<br>记忆：不进食<br>英语：fast
sacacorchos	🍷 开瓶器<br>词源：sacar+corcho（软木塞）<br>记忆：拔瓶塞<br>英语：corkscrew
corcho	🍾 软木；瓶塞<br>词源：拉丁 quercus（橡树）<br>记忆：瓶塞<br>英语：cork
tapón	🧴 塞子；盖子<br>例句：tapón de botella 瓶盖<br>词源：来自 tapar（覆盖）<br>记忆：盖住<br>英语：cap / stopper
bollería	🥐 甜点；烘焙食品<br>词源：bollo（甜面包）+ -ería<br>记忆：甜食<br>英语：pastries
lenguado	🐟 鳎鱼；比目鱼<br>词源：来自 lengua（舌头）<br>记忆：扁扁像舌头<br>英语：sole fish
dorada	🐟 金头鲷<br>词源：dorado（金色的）<br>记忆：金色鱼<br>英语：gilt-head bream
salmonete	🐟 红鲻鱼<br>词源：来自 salmón 相关<br>记忆：红色小鱼<br>英语：red mullet
langostino	🦐 大虾<br>词源：来自 langosta（龙虾）<br>记忆：大虾<br>英语：prawn / king prawn
mejillón	🦪 贻贝；青口<br>词源：拉丁 musculus（小鼠）<br>记忆：贝类<br>英语：mussel
almeja	🦪 蛤蜊；蛤<br>词源：葡萄牙 ameijoa<br>记忆：贝壳海鲜<br>英语：clam
legumbres	🫘 豆类；蔬菜豆<br>例句：comer legumbres 吃豆类<br>词源：拉丁 legumen<br>记忆：豆类总称<br>英语：legumes
frutos secos	🥜 坚果<br>词源：fruto+seco（干的）<br>记忆：干果<br>英语：nuts
almendras	🌰 杏仁<br>词源：阿拉伯 al-lauz<br>记忆：杏仁<br>英语：almonds
avellanas	🌰 榛子<br>词源：拉丁 abellana<br>记忆：榛子<br>英语：hazelnuts
albahaca	🌿 罗勒<br>词源：阿拉伯 al-ḥabaqa<br>记忆：香草<br>英语：basil
cuenco	🥣 碗；小碗<br>词源：拉丁 concha（贝壳）<br>记忆：盛东西的小碗<br>英语：bowl
abrelatas	🥫 开罐器<br>例句：usar un abrelatas 使用开罐器<br>词源：abrir+latas（罐头）<br>记忆：打开罐头<br>英语：can opener
barman	🍸 酒保；调酒师<br>例句：trabajar de barman 做酒保<br>词源：英语 bar man<br>记忆：酒吧工作人员<br>英语：bartender
seminario	🌱 研讨会；神学院<br>例句：un seminario de historia 历史研讨会<br>词源：拉丁 seminarium（苗圃）<br>记忆：培养知识的地方<br>英语：seminar
castigo	⚠️ 惩罚<br>例句：recibir un castigo 受到惩罚<br>词源：拉丁 castigare<br>记忆：做错后的后果<br>英语：punishment
grapadora	📎 订书机<br>例句：una grapadora de oficina 办公订书机<br>词源：grapa（订书钉）+ -dora<br>记忆：办公用品<br>英语：stapler
clip	📎 回形针；夹子<br>词源：英语 clip<br>记忆：夹文件<br>英语：paper clip
cartulina	📄 卡纸；厚纸<br>词源：carta（纸）+ -ulina<br>记忆：厚纸<br>英语：cardboard / cardstock
destornillador	🔧 螺丝刀<br>例句：un destornillador eléctrico 电动螺丝刀<br>词源：des-+tornillo（螺丝）<br>记忆：拧螺丝<br>英语：screwdriver
enchufe	🔌 插头；插座<br>例句：enchufar el móvil 给手机插电<br>词源：来自 enchufar（插入）<br>记忆：通电接口<br>英语：plug / socket
delantal	👩‍🍳 围裙<br>词源：delante（前面）相关<br>记忆：厨房装备<br>英语：apron
almacén	📦 仓库；储藏室<br>例句：un almacén grande 大仓库<br>词源：阿拉伯 al-maḫzan<br>记忆：储存东西<br>英语：warehouse / storage
indemnización	💰 赔偿；补偿金<br>例句：recibir una indemnización 获得赔偿<br>词源：拉丁 indemnis（无损害）<br>记忆：弥补损失<br>英语：compensation / indemnity
comisión	💵 佣金；委员会；手续费<br>例句：pagar una comisión 支付手续费<br>词源：拉丁 committere（委托）<br>记忆：交易产生的钱<br>英语：commission
anticipo	💰 预付款；提前支付<br>例句：pagar un anticipo 支付定金<br>词源：ante（之前）+cipar<br>记忆：提前给的钱<br>英语：advance payment / deposit
estar de baja	🏥 休假；病假；停职<br>例句：Estoy de baja médica. 我在病假<br>词源：baja=低下减少<br>记忆：暂离岗位<br>英语：be on sick leave
ambicioso	🎯 有抱负的；野心勃勃的<br>例句：un proyecto ambicioso 有雄心的项目<br>词源：拉丁 ambitio（追求）<br>记忆：目标很高<br>英语：ambitious
capaz	💪 有能力的；能够的<br>例句：ser capaz de hacer algo 能做到某事<br>词源：拉丁 capax（能容纳的）<br>记忆：有能力<br>英语：capable / able
perezoso	😴 懒惰的；树懒<br>例句：un chico perezoso 懒孩子<br>词源：来自 pereza（懒惰）<br>记忆：不想动<br>英语：lazy / sloth
inaugurar	🎉 开幕；启用<br>例句：inaugurar un museo 开设博物馆<br>词源：拉丁 inaugurare<br>记忆：正式开始<br>英语：inaugurate / open
desfile	🚶 游行；时装秀<br>例句：desfile militar 军事阅兵<br>词源：来自 desfilar（列队行进）<br>记忆：队伍展示<br>英语：parade / fashion show
campeonato	🏆 锦标赛；冠军赛<br>例句：ganar un campeonato 赢得冠军<br>词源：来自 campeón（冠军）<br>记忆：冠军竞争<br>英语：championship
aficionado	❤️ 爱好者；业余的<br>例句：un fotógrafo aficionado 业余摄影师<br>词源：来自 afición（兴趣）<br>记忆：因兴趣而做<br>英语：amateur / fan
portada	📖 封面；首页<br>例句：la portada del libro 书封面<br>词源：portar（携带）相关<br>记忆：最外层<br>英语：cover / front page
triunfo	🏆 胜利；成功<br>例句：un gran triunfo 巨大的成功<br>词源：拉丁 triumphus（凯旋）<br>记忆：赢得胜利<br>英语：triumph / victory
rueda de prensa	🎤 新闻发布会<br>例句：dar una rueda de prensa 举行新闻发布会<br>词源：rueda（圆圈）+prensa（新闻）<br>记忆：媒体围着采访<br>英语：press conference
cemento	🏗️ 水泥<br>例句：una pared de cemento 水泥墙<br>词源：拉丁 caementum（碎石）<br>记忆：建房材料<br>英语：cement
ladrillo	🧱 砖<br>例句：una pared de ladrillos 砖墙<br>词源：拉丁 laterculus（小砖）<br>记忆：砌墙<br>英语：brick
buhardilla	🏠 阁楼；顶楼小房间<br>例句：vivir en una buhardilla 住在阁楼<br>词源：与屋顶结构有关<br>记忆：屋顶里的房间<br>英语：attic / loft
escoba	🧹 扫帚<br>例句：barrer con una escoba 用扫帚扫<br>词源：拉丁 scopa（扫帚）<br>记忆：扫地<br>英语：broom
fregona	🧽 拖把<br>例句：pasar la fregona 拖地<br>词源：来自 fregar（擦洗）<br>记忆：拖地工具<br>英语：mop
trapo	🧻 抹布；布料<br>例句：limpiar con un trapo 用抹布清洁<br>词源：拉丁 trappus<br>记忆：擦东西<br>英语：rag / cloth
bombilla	💡 灯泡<br>例句：cambiar una bombilla 换灯泡<br>词源：bomba（球状）+ -illa<br>记忆：发光的小球<br>英语：light bulb
linterna	🔦 手电筒<br>例句：usar una linterna 使用手电筒<br>词源：拉丁 lanterna<br>记忆：黑暗照明<br>英语：flashlight / torch
caja fuerte	🔐 保险箱<br>词源：caja（箱子）+fuerte（坚固）<br>记忆：坚固的箱子<br>英语：safe
domiciliar	🏦 设置自动扣款；登记住址<br>例句：domiciliar un pago 设置自动付款<br>词源：domicilio（住所）拉丁 domus（家）<br>记忆：钱从账户自动走<br>英语：direct debit / register
delito	⚖️ 犯罪；违法行为<br>例句：cometer un delito 犯罪<br>词源：拉丁 delictum（过错）<br>记忆：违法<br>英语：crime / offense
farola	🌃 路灯<br>例句：una farola de la calle 街灯<br>词源：来自 faro（灯塔）<br>记忆：夜晚照明<br>英语：street lamp
albornoz	🚿 浴袍<br>词源：阿拉伯 al-burnūs（斗篷）<br>记忆：洗澡后穿<br>英语：bathrobe
cremallera	🧥 拉链<br>例句：subir la cremallera 拉上拉链<br>词源：来自 cremar（咬合）<br>记忆：开合工具<br>英语：zipper
hilo	🧵 线；丝；话题线索<br>例句：hilo de algodón 棉线<br>词源：拉丁 filum<br>记忆：缝纫线<br>英语：thread / string
percha	👔 衣架<br>例句：colgar la chaqueta en la percha<br>词源：拉丁相关词<br>记忆：挂衣服<br>英语：hanger
arrugado	👕 皱的；起皱的<br>例句：una camisa arrugada 皱巴巴的衬衫<br>词源：来自 arrugar（弄皱）<br>记忆：不平整<br>英语：wrinkled
escayolar	🦴 打石膏；固定骨折<br>例句：escayolar un brazo 给手臂打石膏<br>词源：escayola（石膏）<br>记忆：骨折固定<br>英语：put in a cast
mareos	🤢 头晕；眩晕<br>例句：tener mareos 头晕<br>词源：来自 mar（海）原指晕船<br>记忆：头晕<br>英语：dizziness
náuseas	🤢 恶心<br>词源：希腊 nausía（晕船）<br>记忆：胃不舒服<br>英语：nausea
vomitar	🤮 呕吐<br>例句：vomitar después de beber 喝酒后呕吐<br>词源：拉丁 vomitare<br>记忆：吐<br>英语：vomit / throw up
mancha	🟤 污渍；斑点<br>例句：una mancha de café 咖啡渍<br>词源：拉丁相关词<br>记忆：脏点<br>英语：stain / spot
grano	🔴 痘；颗粒；谷粒<br>例句：tener granos 长痘<br>词源：拉丁 granum（谷粒）<br>记忆：小颗粒<br>英语：pimple / grain
albergue	🏕️ 旅舍；避难所<br>例句：albergue juvenil 青年旅舍<br>词源：日耳曼 haribergō<br>记忆：临时住宿<br>英语：hostel / shelter
acampar	⛺ 露营<br>例句：acampar en la montaña 在山里露营<br>词源：来自 campo（田野）<br>记忆：户外过夜<br>英语：camp
peatón	🚶 行人<br>例句：paso de peatones 人行横道<br>词源：法语 piéton 拉丁 pes（脚）<br>记忆：走路的人<br>英语：pedestrian
vientre	🫃 腹部；肚子<br>例句：dolor de vientre 肚子疼<br>词源：拉丁 venter（腹部）<br>记忆：身体内部的腹部<br>英语：belly / abdomen
ombligo	👶 肚脐<br>词源：拉丁 umbilicus<br>记忆：出生留下的小圆点<br>英语：navel / belly button
puño	✊ 拳头；袖口<br>例句：cerrar el puño 握拳<br>词源：拉丁 pugnus（拳）<br>记忆：握紧的手<br>英语：fist / cuff
pulgar	👍 拇指<br>例句：dedo pulgar 拇指<br>词源：拉丁 pollex<br>记忆：点赞的手指<br>英语：thumb
cráneo	💀 头骨；颅骨<br>词源：希腊 kranion<br>记忆：头部骨架<br>英语：skull / cranium
vértebra	🦴 椎骨<br>例句：columna vertebral 脊柱<br>词源：拉丁 vertebra<br>记忆：脊椎一节<br>英语：vertebra
peca	🟤 雀斑<br>例句：tener pecas 有雀斑<br>词源：拉丁相关词<br>记忆：小斑点<br>英语：freckle
caspa	❄️ 头皮屑<br>例句：champú anticaspa 去屑洗发水<br>词源：拉丁相关词<br>记忆：头上的小雪花<br>英语：dandruff
corpulento	💪 魁梧的；身材高大的<br>例句：un hombre corpulento 魁梧的男人<br>词源：corpus（身体）+ -ulento<br>记忆：身体很大<br>英语：corpulent / large-bodied
robusto	🌳 强壮的；结实的<br>例句：una salud robusta 强健的健康<br>词源：拉丁 robustus（橡树般坚硬）<br>记忆：像树一样强壮<br>英语：robust / strong
tiritar	🥶 发抖；颤抖<br>例句：tiritar de frío 冷得发抖<br>词源：拟声词<br>记忆：冷得抖<br>英语：shiver / tremble
fallecido	⚰️ 已故的<br>例句：el fallecido 逝者<br>词源：来自 fallar（停止）<br>记忆：正式说去世<br>英语：deceased
austero	🪵 朴素的；简朴的<br>例句：una vida austera 简朴的生活<br>词源：希腊 austēros（严厉）<br>记忆：简单克制<br>英语：austere / plain
prepotente	👑 专横的；傲慢的<br>例句：un jefe prepotente 专横的老板<br>词源：pre-+potente<br>记忆：仗势欺人<br>英语：arrogant / overbearing
versátil	🔄 多才多艺的；多用途的<br>例句：un jugador versátil 全能球员<br>词源：拉丁 versatilis（可转动）<br>记忆：能变化<br>英语：versatile
humilde	🌱 谦虚的；卑微的<br>例句：una persona humilde 谦虚的人<br>词源：拉丁 humilis（低的）<br>记忆：贴近土地<br>英语：humble
ira	🔥 愤怒；怒火<br>例句：lleno de ira 满腔怒火<br>词源：拉丁 ira<br>记忆：强烈愤怒<br>英语：anger / wrath
piedad	❤️ 怜悯；慈悲<br>例句：tener piedad 怜悯<br>词源：拉丁 pietas（责任虔诚）<br>记忆：同情心<br>英语：pity / mercy
alucinar	🤯 产生幻觉；惊叹<br>例句：Estoy alucinando. 我惊呆了<br>词源：拉丁 alucinari<br>记忆：大脑强烈体验<br>英语：hallucinate / be amazed
enorgullecerse	🏆 感到自豪<br>例句：enorgullecerse de sus hijos 为孩子骄傲<br>词源：en-+orgullo（骄傲）<br>记忆：心里骄傲<br>英语：be proud
envidiar	👀 嫉妒；羡慕<br>例句：envidiar a alguien 嫉妒某人<br>词源：拉丁 invidere（敌意地看）<br>记忆：盯着别人的拥有<br>英语：envy
desanimarse	⬇️ 失去信心；泄气<br>例句：No te desanimes. 别灰心<br>词源：des-+ánimo（精神）<br>记忆：动力消失<br>英语：get discouraged
fatigarse	😫 疲劳；感到累<br>例句：fatigarse después de correr 跑后疲劳<br>词源：拉丁 fatigare<br>记忆：累了<br>英语：get tired
ruborizarse	😊 脸红<br>例句：ruborizarse de vergüenza 羞红脸<br>词源：拉丁 rubor（红色）<br>记忆：脸变红<br>英语：blush
caradura	😏 厚脸皮的人；无耻的人<br>例句：¡Qué caradura! 真不要脸<br>词源：cara（脸）+dura（硬）<br>记忆：脸皮厚<br>英语：shameless / cheeky
gafe	🍀❌ 倒霉的人；扫把星<br>例句：ser gafe 很倒霉<br>词源：西班牙俚语<br>记忆：运气不好<br>英语：jinx / unlucky person
padrastro	👨 继父<br>词源：padre（父亲）相关<br>记忆：非亲生父亲<br>英语：stepfather
madrastra	👩 继母<br>词源：madre（母亲）相关<br>记忆：非亲生母亲<br>英语：stepmother
padrino	⛪ 教父；伴郎；赞助人<br>词源：padre+ -ino<br>记忆：仪式上的保护人<br>英语：godfather / sponsor
madrina	⛪ 教母；女赞助人<br>词源：padrino 女性形式<br>记忆：女性保护人<br>英语：godmother / sponsor
manipular	✋ 操纵；操作<br>例句：manipular información 操纵信息<br>词源：拉丁 manus（手）<br>记忆：用手控制<br>英语：manipulate / handle
malcriar	👶 宠坏；溺爱坏<br>例句：malcriar a un niño 宠坏孩子<br>词源：mal（坏）+criar（养育）<br>记忆：宠爱过度<br>英语：spoil / pamper
huésped	🏨 客人；住客<br>例句：los huéspedes del hotel 酒店住客<br>词源：拉丁 hospes（客人主人）<br>记忆：被接待的人<br>英语：guest
anfitrión	🏠 主人；东道主<br>例句：un buen anfitrión 好主人<br>词源：希腊神话 Anfitrión<br>记忆：招待别人的人<br>英语：host
glotón	🍖 贪吃的；贪食者<br>例句：un niño glotón 贪吃的孩子<br>词源：拉丁 glutto（贪吃者）<br>记忆：吃很多<br>英语：glutton
sorber	🥤 小口吸；啜饮<br>例句：sorber una sopa 喝汤<br>词源：拉丁 sorbere（吸入）<br>记忆：小口喝<br>英语：sip / slurp
catar	🍷 品尝；鉴定<br>例句：catar un vino 品酒<br>词源：拉丁 captare（捕捉尝试）<br>记忆：专门品鉴<br>英语：taste
codorniz	🐦 鹌鹑<br>词源：拉丁相关词<br>记忆：小鸟<br>英语：quail
alubias	🫘 白豆；菜豆<br>词源：阿拉伯 al-lubiya<br>记忆：西班牙常见豆类<br>英语：beans
frijoles	🫘 豆子<br>词源：拉丁 phaseolus<br>记忆：拉美版豆子<br>英语：beans
gajo	🍊 一瓣；一片<br>例句：un gajo de naranja 一瓣橙子<br>词源：树枝的小分叉<br>记忆：橘子瓣<br>英语：segment / wedge
corteza	🌳 外皮；树皮；面包皮<br>例句：corteza de pan 面包皮<br>词源：拉丁 cortex（树皮）<br>记忆：外层保护<br>英语：crust / bark
rodaja	🍋 圆片；切片<br>例句：una rodaja de limón 一片柠檬<br>词源：来自 rueda（轮子）<br>记忆：圆形切片<br>英语：slice
pedazo	🧩 一块；一片<br>例句：un pedazo de pan 一块面包<br>词源：拉丁 pitacium（碎片）<br>记忆：一块东西<br>英语：piece / chunk
escurrir	💧 沥干；滴干<br>例句：escurrir la pasta 沥干意面<br>词源：拉丁相关词<br>记忆：让水流走<br>英语：drain
empalagoso	🍰 甜腻的；腻人的<br>例句：un postre empalagoso 很甜腻的甜点<br>词源：来自 empalagar（使厌烦）<br>记忆：甜过头<br>英语：overly sweet / cloying
acidez	🔥 酸味；胃酸<br>例句：tener acidez de estómago 胃酸<br>词源：ácido+ -ez<br>记忆：胃里发酸<br>英语：acidity / heartburn
vajilla	🍽️ 餐具<br>例句：lavar la vajilla 洗餐具<br>词源：vaso（杯子）相关<br>记忆：吃饭用具<br>英语：tableware / dishes
colador	🍝 滤网；漏勺<br>例句：un colador de pasta 意面滤网<br>词源：colar（过滤）+ -dor<br>记忆：过滤水<br>英语：strainer / colander
tasca	🍺 小酒馆<br>例句：una tasca tradicional 传统小酒馆<br>词源：古西班牙语<br>记忆：小店喝酒<br>英语：tavern / small bar
chiringuito	🏖️ 海边小酒吧；小摊<br>词源：古巴西语<br>记忆：海边小店<br>英语：beach bar / kiosk
discípulo	📚 学生；弟子<br>例句：discípulo de un maestro 师傅的弟子<br>词源：拉丁 discipulus<br>记忆：跟随学习<br>英语：disciple / student
taller	🔧 车间；工作坊；修理店<br>例句：taller mecánico 汽车修理店<br>词源：法语 atelier<br>记忆：动手工作的地方<br>英语：workshop
chucherías	🍬 小零食；糖果；小玩意<br>例句：comprar chucherías 买零食<br>词源：来自 chuchería<br>记忆：小吃<br>英语：sweets / snacks / trinkets
retribución	💰 报酬；回报<br>例句：retribución económica 经济报酬<br>词源：拉丁 retribuere（回报）<br>记忆：工作所得<br>英语：remuneration
dimitir	🚪 辞职<br>例句：dimitir como presidente 辞去主席职务<br>词源：拉丁 dimittere（放弃）<br>记忆：离开岗位<br>英语：resign
trasnochar	🌙 熬夜<br>例句：trasnochar estudiando 熬夜学习<br>词源：tras（超过）+noche（夜晚）<br>记忆：夜晚拖延<br>英语：stay up late
grada	🏟️ 看台<br>例句：sentarse en la grada 坐看台<br>词源：与 grado（层级）有关<br>记忆：观众席<br>英语：stands / bleachers
palco	🎭 包厢；贵宾席<br>词源：意大利 palco<br>记忆：高级观看区<br>英语：box / VIP section
torneo	🏆 锦标赛；比赛<br>词源：法语 tournoi<br>记忆：多场竞争<br>英语：tournament
certamen	🥇 竞赛；比赛<br>例句：certamen literario 文学比赛<br>词源：拉丁 certamen（竞争）<br>记忆：正式竞赛<br>英语：contest / competition
adversario	⚔️ 对手；敌手<br>词源：拉丁 adversarius（相反的一方）<br>记忆：对立者<br>英语：adversary
oponente	🆚 对手；反对者<br>词源：拉丁 opponere（放在对面）<br>记忆：对面的人<br>英语：opponent
hormigón	🏗️ 混凝土<br>例句：hormigón armado 钢筋混凝土<br>词源：拉丁相关词<br>记忆：建筑主体<br>英语：concrete
chabola	🛖 简陋棚屋；贫民窟小屋<br>词源：巴斯克 txabola（小屋）<br>记忆：简陋房子<br>英语：shack / hut
choza	🛖 小屋；茅屋<br>例句：vivir en una choza 住在小屋里<br>词源：拉丁相关词<br>记忆：简单住所<br>英语：hut / shack
estropajo	🧽 百洁布；洗碗刷<br>例句：fregar con un estropajo 用百洁布刷洗<br>词源：古西班牙语<br>记忆：擦洗工具<br>英语：scouring pad / scrubber
lejía	🧴 漂白剂<br>例句：limpiar con lejía 用漂白剂清洁<br>词源：拉丁 lixiva（洗涤液）<br>记忆：消毒清洁<br>英语：bleach
frotar	✋ 摩擦；擦<br>例句：frotar una mancha 擦污渍<br>词源：拉丁 fricare（摩擦）<br>记忆：来回擦<br>英语：rub / scrub
aclarar	💧 冲洗；澄清；说明<br>例句：aclarar la ropa 冲洗衣服<br>词源：a-+claro（清楚）<br>记忆：变清楚<br>英语：rinse / clarify
camilla	🚑 担架；诊疗床<br>词源：法语 camille<br>记忆：急救搬运<br>英语：stretcher / medical cot
vitrina	🪟 展示柜；橱窗<br>例句：una vitrina de una tienda 商店橱窗<br>词源：拉丁 vitrum（玻璃）<br>记忆：玻璃展示<br>英语：display case / showcase
devolución	🔄 归还；退款<br>例句：pedir una devolución 要求退款<br>词源：来自 devolver（归还）<br>记忆：返回<br>英语：return / refund
aval	🤝 担保；保证<br>例句：necesitar un aval para alquilar 租房需要担保<br>词源：法语 aval<br>记忆：背书保证<br>英语：guarantee / surety
arresto	🚓 逮捕<br>例句：orden de arresto 逮捕令<br>词源：拉丁 restare（停留）<br>记忆：被抓<br>英语：arrest
detención	⛓️ 拘留；停止<br>例句：detención policial 警方拘留<br>词源：拉丁 detinere<br>记忆：被限制<br>英语：detention
interrogatorio	❓ 审问；讯问<br>例句：un interrogatorio policial 警方审讯<br>词源：拉丁 interrogare（询问）<br>记忆：连续提问<br>英语：interrogation
auxilio	🆘 帮助；援助<br>例句：pedir auxilio 求助<br>词源：拉丁 auxilium<br>记忆：救助<br>英语：aid / help
socorrer	🚑 援救；帮助<br>例句：socorrer a una víctima 救助受害者<br>词源：拉丁 succurrere（跑去帮助）<br>记忆：及时帮助<br>英语：rescue / assist
vertedero	🗑️ 垃圾场；废物堆放处<br>词源：verter（倾倒）+ -dero<br>记忆：垃圾集中地<br>英语：landfill / dump
alumbrado	💡 照明；灯光系统<br>例句：alumbrado público 公共照明<br>词源：alumbrar（照亮）<br>记忆：光<br>英语：lighting
alcantarillado	🌧️ 下水道系统<br>词源：阿拉伯 al-qantara（桥通道）<br>记忆：排水<br>英语：sewer system
mostrador	🏪 柜台<br>例句：en el mostrador 在柜台<br>词源：mostrar+ -dor<br>记忆：服务台<br>英语：counter / reception desk
estante	📚 架子；搁板<br>例句：un estante de libros 书架<br>词源：拉丁 stantem（站立）<br>记忆：放物品<br>英语：shelf
encargado	👤 负责人；主管<br>例句：el encargado de la tienda 店长<br>词源：en-+cargo（职责）<br>记忆：负责的人<br>英语：manager / person in charge
proveedor	📦 供应商<br>词源：proveer（提供）<br>记忆：提供东西<br>英语：supplier / provider
subastar	🔨 拍卖<br>例句：subastar una casa 拍卖房子<br>词源：sub+asta（长矛）<br>记忆：竞价出售<br>英语：auction
adquirir	📈 获得；购买<br>例句：adquirir experiencia 获得经验<br>词源：拉丁 acquirere<br>记忆：获得<br>英语：acquire
costear	💰 支付费用；承担成本<br>例句：costear los gastos 支付费用<br>词源：costo（成本）<br>记忆：出钱<br>英语：finance / cover the cost
desembolsar	👛 支付；掏钱<br>例句：desembolsar mucho dinero 花很多钱<br>词源：des-+bolsa（钱包）<br>记忆：钱袋拿出来<br>英语：pay out / spend
malgastar	❌ 浪费<br>例句：malgastar dinero 浪费钱<br>词源：mal+gastar（花费）<br>记忆：白花钱<br>英语：waste
recaída	🔄 复发<br>例句：tener una recaída 病情复发<br>词源：re-+caer（掉落）<br>记忆：又倒下<br>英语：relapse
esguince	🦶 扭伤；拉伤<br>例句：un esguince de tobillo 脚踝扭伤<br>词源：古法语<br>记忆：扭到<br>英语：sprain
cicatrizar	🩹 愈合；结疤<br>例句：la herida cicatriza 伤口愈合<br>词源：cicatriz（疤痕）<br>记忆：伤口恢复<br>英语：heal / scar
picor	🦟 痒；瘙痒感<br>例句：tener picor en la piel 皮肤痒<br>词源：来自 picar（刺痒）<br>记忆：想抓<br>英语：itch
trastorno	⚠️ 障碍；紊乱<br>例句：trastorno mental 精神障碍<br>词源：tras-+tornar（转变）<br>记忆：系统失衡<br>英语：disorder
cabello	💇 头发<br>例句：tener el cabello largo 留长发<br>词源：拉丁 capillus（头发）<br>记忆：正式说法的头发<br>英语：hair
brújula	🧭 指南针；罗盘<br>例句：usar una brújula 使用指南针<br>词源：意大利 bussola<br>记忆：指方向<br>英语：compass
derrape	🚗 打滑；侧滑<br>例句：un derrape del coche 汽车打滑<br>词源：来自 derrapar（滑动）<br>记忆：轮胎滑动<br>英语：skid
pinchazo	🛞 轮胎爆胎；刺痛；扎针<br>例句：tener un pinchazo 爆胎<br>词源：来自 pinchar（刺扎）<br>记忆：被扎破<br>英语：puncture / prick
empujar	✋ 推；推动<br>例句：empujar una puerta 推门<br>词源：拉丁相关词<br>记忆：向前推<br>英语：push
remolcar	🚙 拖；拖车<br>例句：remolcar un coche 拖车<br>词源：拉丁 remulcare<br>记忆：拉走<br>英语：tow
rentabilizar	📈 使盈利；提高收益<br>例句：rentabilizar una inversión 让投资盈利<br>词源：renta（收益）<br>记忆：赚钱效率<br>英语：make profitable
contribuyente	💰 纳税人；贡献者<br>例句：los contribuyentes pagan impuestos<br>词源：contribuir（贡献）<br>记忆：缴税的人<br>英语：taxpayer / contributor
lema	🏳️ 格言；口号<br>例句：el lema de la empresa 公司口号<br>词源：希腊 lēmma（主题）<br>记忆：代表精神的话<br>英语：motto / slogan
patrocinar	💵 赞助；支持<br>例句：patrocinar un evento 赞助活动<br>词源：拉丁 patronus（保护人）<br>记忆：背后支持<br>英语：sponsor
gerente	👔 经理；管理者<br>例句：gerente de una empresa 公司经理<br>词源：拉丁 gerere（管理）<br>记忆：管理岗位<br>英语：manager
recolección	📦 收集；采集<br>例句：recolección de basura 垃圾收集<br>词源：recoger（收集）<br>记忆：收起来<br>英语：collection / gathering
finca	🌳 庄园；农场；地产<br>例句：una finca agrícola 农场<br>词源：来自 fincar（固定）<br>记忆：一大片土地<br>英语：estate / farm
huerta	🥕 菜园；果蔬园<br>例句：trabajar en la huerta 在菜园工作<br>词源：拉丁 hortus（花园）<br>记忆：种菜地方<br>英语：vegetable garden / orchard
establo	🐴 马厩；牲畜棚<br>例句：un establo de caballos 马厩<br>词源：拉丁 stabulum<br>记忆：动物房<br>英语：stable
manada	🐺 兽群；一群动物<br>例句：una manada de lobos 一群狼<br>词源：mano（手）相关<br>记忆：动物群<br>英语：herd / pack
rebaño	🐑 羊群；畜群<br>例句：un rebaño de ovejas 一群羊<br>词源：拉丁相关词<br>记忆：羊群<br>英语：flock / herd
sembrar	🌱 播种<br>例句：sembrar trigo 播种小麦<br>词源：拉丁 seminare<br>记忆：撒种<br>英语：sow / plant
cosechar	🌾 收获；收割<br>例句：cosechar arroz 收割水稻<br>词源：cosecha（收成）<br>记忆：收获成果<br>英语：harvest
jerarquía	📊 等级；层级<br>例句：jerarquía empresarial 企业等级<br>词源：希腊 hierarchia<br>记忆：上下等级<br>英语：hierarchy
soborno	💵 贿赂<br>例句：aceptar un soborno 收受贿赂<br>词源：古西班牙语<br>记忆：非法送钱<br>英语：bribe
himno	🎵 赞歌；国歌<br>例句：himno nacional 国歌<br>词源：希腊 hymnos<br>记忆：庄严歌曲<br>英语：anthem / hymn
trama	📖 情节；阴谋；结构<br>例句：la trama de una novela 小说情节<br>词源：拉丁 trama（织物经线）<br>记忆：故事线<br>英语：plot / storyline
intriga	🕵️ 阴谋；好奇心<br>例句：una película llena de intriga 充满悬疑的电影<br>词源：拉丁 intricare（使复杂）<br>记忆：神秘计划<br>英语：intrigue
desmayarse	😵 晕倒；昏厥<br>例句：Se desmayó por el calor. 因炎热晕倒<br>词源：来自 mayo 相关变化<br>记忆：突然失去意识<br>英语：faint / pass out
píldora	💊 药片；药丸<br>例句：tomar una píldora 吃一片药<br>词源：拉丁 pilula（小球）<br>记忆：小药丸<br>英语：pill / tablet
dosificar	⚖️ 定量；控制剂量<br>例句：dosificar un medicamento 控制药物剂量<br>词源：dosis（剂量）<br>记忆：控制多少<br>英语：dose / regulate dosage
ingerir	🍽️ 摄入；吞服<br>例句：ingerir alimentos 摄入食物<br>词源：拉丁 ingerere（放入）<br>记忆：放进身体<br>英语：ingest / consume
vello	🧔 体毛；细毛<br>例句：vello corporal 体毛<br>词源：拉丁 villus（绒毛）<br>记忆：不是头发，是身体上的毛<br>英语：body hair / fine hair